County,Month,Weight,Quantity,Source
BANKS,2022-07,15751.0,8710,FY 2023 Split by County
BANKS,2022-08,23523.0,14105,FY 2023 Split by County
BANKS,2022-09,14695.0,6817,FY 2023 Split by County
BANKS,2022-10,18593.0,11706,FY 2023 Split by County
BANKS,2022-11,20964.0,11328,FY 2023 Split by County
BANKS,2022-12,14715.0,8555,FY 2023 Split by County
BANKS,2023-01,16169.0,7822,FY 2023 Split by County
BANKS,2023-02,17300.0,12425,FY 2023 Split by County
BANKS,2023-03,11755.0,6769,FY 2023 Split by County
BANKS,2023-04,15842.0,8722,FY 2023 Split by County
BANKS,2023-05,16214.0,7718,FY 2023 Split by County
BANKS,2023-06,12782.0,8065,FY 2023 Split by County
BANKS,2023-07,18645.0,8481,FY 2024 Split by County
BANKS,2023-08,16057.0,4294,FY 2024 Split by County
BANKS,2023-09,37905.0,8858,FY 2024 Split by County
BANKS,2023-10,29391.0,11558,FY 2024 Split by County
BANKS,2023-11,30103.0,18509,FY 2024 Split by County
BANKS,2023-12,37063.0,13199,FY 2024 Split by County
BANKS,2024-01,32735.0,14930,FY 2024 Split by County
BANKS,2024-02,36713.0,13139,FY 2024 Split by County
BANKS,2024-03,36113.0,10184,FY 2024 Split by County
BANKS,2024-04,33352.0,8884,FY 2024 Split by County
BANKS,2024-05,27341.0,5553,FY 2024 Split by County
BANKS,2024-06,30560.5,4468,FY 2024 Split by County
BANKS,2024-07,52960.0,11864,FY 2025 Split by County
BANKS,2024-08,51616.0,7947,FY 2025 Split by County
BANKS,2024-09,27251.0,6847,FY 2025 Split by County
BANKS,2024-10,28237.0,7656,FY 2025 Split by County
BANKS,2024-11,40220.0,8701,FY 2025 Split by County
BANKS,2024-12,41214.0,13021,FY 2025 Split by County
BANKS,2025-01,15424.0,5472,FY 2025 Split by County
BANKS,2025-02,19740.0,4959,FY 2025 Split by County
BANKS,2025-03,34149.0,6979,FY 2025 Split by County
BANKS,2025-04,25943.0,8721,FY 2025 Split by County
BANKS,2025-05,35892.0,11694,FY 2025 Split by County
BANKS,2025-06,49232.0,11929,FY 2025 Split by County
BARROW,2022-07,58984.0,14005,FY 2023 Split by County
BARROW,2022-08,71003.0,14109,FY 2023 Split by County
BARROW,2022-09,49756.0,11295,FY 2023 Split by County
BARROW,2022-10,77237.0,20456,FY 2023 Split by County
BARROW,2022-11,68213.0,27427,FY 2023 Split by County
BARROW,2022-12,62271.0,27101,FY 2023 Split by County
BARROW,2023-01,48754.0,26532,FY 2023 Split by County
BARROW,2023-02,49068.0,32391,FY 2023 Split by County
BARROW,2023-03,53505.0,24942,FY 2023 Split by County
BARROW,2023-04,67405.0,18565,FY 2023 Split by County
BARROW,2023-05,39928.0,20113,FY 2023 Split by County
BARROW,2023-06,69198.0,19228,FY 2023 Split by County
BARROW,2023-07,52497.0,21306,FY 2024 Split by County
BARROW,2023-08,76452.0,23525,FY 2024 Split by County
BARROW,2023-09,61184.0,20555,FY 2024 Split by County
BARROW,2023-10,68651.0,33482,FY 2024 Split by County
BARROW,2023-11,109332.0,45173,FY 2024 Split by County
BARROW,2023-12,106027.0,49087,FY 2024 Split by County
BARROW,2024-01,94041.0,46066,FY 2024 Split by County
BARROW,2024-02,97985.0,37257,FY 2024 Split by County
BARROW,2024-03,106478.0,36792,FY 2024 Split by County
BARROW,2024-04,112035.0,36809,FY 2024 Split by County
BARROW,2024-05,102209.0,33147,FY 2024 Split by County
BARROW,2024-06,101910.9,30528,FY 2024 Split by County
BARROW,2024-07,123268.35,49351,FY 2025 Split by County
BARROW,2024-08,132701.0,38945,FY 2025 Split by County
BARROW,2024-09,97143.0,29521,FY 2025 Split by County
BARROW,2024-10,107615.0,27002,FY 2025 Split by County
BARROW,2024-11,98496.0,32991,FY 2025 Split by County
BARROW,2024-12,104601.0,26121,FY 2025 Split by County
BARROW,2025-01,88057.0,21205,FY 2025 Split by County
BARROW,2025-02,89954.0,29931,FY 2025 Split by County
BARROW,2025-03,97124.0,33935,FY 2025 Split by County
BARROW,2025-04,101611.0,33634,FY 2025 Split by County
BARROW,2025-05,104132.0,40696,FY 2025 Split by County
BARROW,2025-06,99214.62,39656,FY 2025 Split by County
CLARKE,2022-07,305601.0,159760,FY 2023 Split by County
CLARKE,2022-08,323374.0,161795,FY 2023 Split by County
CLARKE,2022-09,347383.0,175583,FY 2023 Split by County
CLARKE,2022-10,352286.0,187503,FY 2023 Split by County
CLARKE,2022-11,323170.0,177033,FY 2023 Split by County
CLARKE,2022-12,403223.5,227724,FY 2023 Split by County
CLARKE,2023-01,406845.0,265561,FY 2023 Split by County
CLARKE,2023-02,249128.0,162170,FY 2023 Split by County
CLARKE,2023-03,325352.0,196005,FY 2023 Split by County
CLARKE,2023-04,299343.0,146720,FY 2023 Split by County
CLARKE,2023-05,266075.0,156513,FY 2023 Split by County
CLARKE,2023-06,327485.0,177775,FY 2023 Split by County
CLARKE,2023-07,281253.0,156972,FY 2024 Split by County
CLARKE,2023-08,432993.0,229329,FY 2024 Split by County
CLARKE,2023-09,336270.0,140877,FY 2024 Split by County
CLARKE,2023-10,388762.0,217323,FY 2024 Split by County
CLARKE,2023-11,453036.0,243949,FY 2024 Split by County
CLARKE,2023-12,428715.0,256903,FY 2024 Split by County
CLARKE,2024-01,486327.0,228135,FY 2024 Split by County
CLARKE,2024-02,441337.0,212708,FY 2024 Split by County
CLARKE,2024-03,441877.0,198830,FY 2024 Split by County
CLARKE,2024-04,408270.0,171457,FY 2024 Split by County
CLARKE,2024-05,520525.72,215945,FY 2024 Split by County
CLARKE,2024-06,421620.88,240834,FY 2024 Split by County
CLARKE,2024-07,492709.0,243406,FY 2025 Split by County
CLARKE,2024-08,595952.0,230724,FY 2025 Split by County
CLARKE,2024-09,420653.0,192421,FY 2025 Split by County
CLARKE,2024-10,583351.0,244553,FY 2025 Split by County
CLARKE,2024-11,537781.0,248987,FY 2025 Split by County
CLARKE,2024-12,508953.0,277272,FY 2025 Split by County
CLARKE,2025-01,512755.0,264188,FY 2025 Split by County
CLARKE,2025-02,586709.0,293050,FY 2025 Split by County
CLARKE,2025-03,609612.0,245547,FY 2025 Split by County
CLARKE,2025-04,434326.0,187792,FY 2025 Split by County
CLARKE,2025-05,436588.0,240991,FY 2025 Split by County
CLARKE,2025-06,483323.78,241209,FY 2025 Split by County
ELBERT,2024-10,21137.0,1635,FY 2025 Split by County
ELBERT,2024-11,42862.0,2674,FY 2025 Split by County
ELBERT,2024-12,18929.0,2336,FY 2025 Split by County
ELBERT,2025-01,41765.0,2703,FY 2025 Split by County
ELBERT,2025-02,22644.0,1023,FY 2025 Split by County
ELBERT,2025-03,22272.0,2272,FY 2025 Split by County
ELBERT,2025-04,21547.0,1303,FY 2025 Split by County
ELBERT,2025-05,15101.0,2361,FY 2025 Split by County
ELBERT,2025-06,27528.5,6415,FY 2025 Split by County
FBSHARE,2024-09,5151.0,5151,FY 2025 Split by County
FBSHARE,2024-10,20207.0,18215,FY 2025 Split by County
FRANKLIN,2022-07,36493.0,9897,FY 2023 Split by County
FRANKLIN,2022-08,28969.0,6771,FY 2023 Split by County
FRANKLIN,2022-09,26614.0,5274,FY 2023 Split by County
FRANKLIN,2022-10,27886.0,7847,FY 2023 Split by County
FRANKLIN,2022-11,32776.0,8856,FY 2023 Split by County
FRANKLIN,2022-12,33712.0,10944,FY 2023 Split by County
FRANKLIN,2023-01,35540.0,11029,FY 2023 Split by County
FRANKLIN,2023-02,18987.0,11056,FY 2023 Split by County
FRANKLIN,2023-03,26861.0,8510,FY 2023 Split by County
FRANKLIN,2023-04,22355.0,3991,FY 2023 Split by County
FRANKLIN,2023-05,20417.0,6148,FY 2023 Split by County
FRANKLIN,2023-06,28101.0,8465,FY 2023 Split by County
FRANKLIN,2023-07,24302.0,7487,FY 2024 Split by County
FRANKLIN,2023-08,24458.0,7114,FY 2024 Split by County
FRANKLIN,2023-09,47465.0,21683,FY 2024 Split by County
FRANKLIN,2023-10,26755.0,10338,FY 2024 Split by County
FRANKLIN,2023-11,38346.0,7426,FY 2024 Split by County
FRANKLIN,2023-12,20402.0,6571,FY 2024 Split by County
FRANKLIN,2024-01,52225.0,22295,FY 2024 Split by County
FRANKLIN,2024-02,36729.0,7531,FY 2024 Split by County
FRANKLIN,2024-03,41092.0,8446,FY 2024 Split by County
FRANKLIN,2024-04,46270.0,10943,FY 2024 Split by County
FRANKLIN,2024-05,49140.0,7766,FY 2024 Split by County
FRANKLIN,2024-06,35570.7,6189,FY 2024 Split by County
FRANKLIN,2024-07,57475.0,10613,FY 2025 Split by County
FRANKLIN,2024-08,35984.0,9451,FY 2025 Split by County
FRANKLIN,2024-09,40965.0,12362,FY 2025 Split by County
FRANKLIN,2024-10,39545.0,14626,FY 2025 Split by County
FRANKLIN,2024-11,52217.0,14255,FY 2025 Split by County
FRANKLIN,2024-12,36248.0,12398,FY 2025 Split by County
FRANKLIN,2025-01,26057.0,12234,FY 2025 Split by County
FRANKLIN,2025-02,45125.0,16340,FY 2025 Split by County
FRANKLIN,2025-03,44766.0,19463,FY 2025 Split by County
FRANKLIN,2025-04,51281.0,17725,FY 2025 Split by County
FRANKLIN,2025-05,54542.0,22639,FY 2025 Split by County
FRANKLIN,2025-06,41428.08,19746,FY 2025 Split by County
HABERSHAM,2022-07,63710.0,35832,FY 2023 Split by County
HABERSHAM,2022-08,84201.0,43899,FY 2023 Split by County
HABERSHAM,2022-09,79465.0,41241,FY 2023 Split by County
HABERSHAM,2022-10,101257.0,62911,FY 2023 Split by County
HABERSHAM,2022-11,76614.0,41225,FY 2023 Split by County
HABERSHAM,2022-12,78214.0,51882,FY 2023 Split by County
HABERSHAM,2023-01,88504.0,48431,FY 2023 Split by County
HABERSHAM,2023-02,68245.0,57772,FY 2023 Split by County
HABERSHAM,2023-03,84181.0,49189,FY 2023 Split by County
HABERSHAM,2023-04,65622.0,32173,FY 2023 Split by County
HABERSHAM,2023-05,74832.0,43942,FY 2023 Split by County
HABERSHAM,2023-06,77669.0,49124,FY 2023 Split by County
HABERSHAM,2023-07,73409.0,42145,FY 2024 Split by County
HABERSHAM,2023-08,106002.0,71313,FY 2024 Split by County
HABERSHAM,2023-09,63313.0,42185,FY 2024 Split by County
HABERSHAM,2023-10,116000.0,71736,FY 2024 Split by County
HABERSHAM,2023-11,119906.0,62357,FY 2024 Split by County
HABERSHAM,2023-12,77176.0,45170,FY 2024 Split by County
HABERSHAM,2024-01,93725.0,66633,FY 2024 Split by County
HABERSHAM,2024-02,102619.0,35672,FY 2024 Split by County
HABERSHAM,2024-03,87941.0,21749,FY 2024 Split by County
HABERSHAM,2024-04,117411.0,42568,FY 2024 Split by County
HABERSHAM,2024-05,145321.0,49438,FY 2024 Split by County
HABERSHAM,2024-06,38191.0,14930,FY 2024 Split by County
HABERSHAM,2024-07,97876.09,45332,FY 2025 Split by County
HABERSHAM,2024-08,101691.0,34651,FY 2025 Split by County
HABERSHAM,2024-09,88641.0,24017,FY 2025 Split by County
HABERSHAM,2024-10,115130.0,40521,FY 2025 Split by County
HABERSHAM,2024-11,112668.0,48735,FY 2025 Split by County
HABERSHAM,2024-12,92299.0,36694,FY 2025 Split by County
HABERSHAM,2025-01,104051.0,32483,FY 2025 Split by County
HABERSHAM,2025-02,115923.0,31791,FY 2025 Split by County
HABERSHAM,2025-03,114188.0,42616,FY 2025 Split by County
HABERSHAM,2025-04,96100.0,27379,FY 2025 Split by County
HABERSHAM,2025-05,110071.0,26030,FY 2025 Split by County
HABERSHAM,2025-06,138564.6,53340,FY 2025 Split by County
HART,2022-07,19778.0,7592,FY 2023 Split by County
HART,2022-08,16808.0,5946,FY 2023 Split by County
HART,2022-09,28196.0,6309,FY 2023 Split by County
HART,2022-10,33570.0,15925,FY 2023 Split by County
HART,2022-11,18037.0,7080,FY 2023 Split by County
HART,2022-12,24651.0,8918,FY 2023 Split by County
HART,2023-01,28489.0,6303,FY 2023 Split by County
HART,2023-02,23304.0,10868,FY 2023 Split by County
HART,2023-03,30244.0,8046,FY 2023 Split by County
HART,2023-04,19580.0,8834,FY 2023 Split by County
HART,2023-05,32820.0,9412,FY 2023 Split by County
HART,2023-06,21049.0,9705,FY 2023 Split by County
HART,2023-07,16814.0,4653,FY 2024 Split by County
HART,2023-08,23183.0,3917,FY 2024 Split by County
HART,2023-09,11649.0,634,FY 2024 Split by County
HART,2023-10,30135.0,6902,FY 2024 Split by County
HART,2023-11,21904.0,4473,FY 2024 Split by County
HART,2023-12,8092.0,416,FY 2024 Split by County
HART,2024-01,33740.0,11327,FY 2024 Split by County
HART,2024-02,29091.0,4375,FY 2024 Split by County
HART,2024-03,27307.0,4739,FY 2024 Split by County
HART,2024-04,29715.0,7766,FY 2024 Split by County
HART,2024-05,29822.0,3807,FY 2024 Split by County
HART,2024-06,24876.0,1210,FY 2024 Split by County
HART,2024-07,31240.0,5293,FY 2025 Split by County
HART,2024-08,26690.0,2744,FY 2025 Split by County
HART,2024-09,17621.0,3394,FY 2025 Split by County
HART,2024-10,19454.0,2719,FY 2025 Split by County
HART,2024-11,36445.0,8585,FY 2025 Split by County
HART,2024-12,22578.0,4628,FY 2025 Split by County
HART,2025-01,37351.0,4562,FY 2025 Split by County
HART,2025-02,42307.0,5188,FY 2025 Split by County
HART,2025-03,22215.0,4081,FY 2025 Split by County
HART,2025-04,36309.0,3708,FY 2025 Split by County
HART,2025-05,19680.0,5140,FY 2025 Split by County
HART,2025-06,16765.0,3130,FY 2025 Split by County
JACKSON,2022-07,109577.0,31538,FY 2023 Split by County
JACKSON,2022-08,137315.0,63243,FY 2023 Split by County
JACKSON,2022-09,119333.0,31882,FY 2023 Split by County
JACKSON,2022-10,104117.0,43808,FY 2023 Split by County
JACKSON,2022-11,185368.0,58965,FY 2023 Split by County
JACKSON,2022-12,124754.5,51032,FY 2023 Split by County
JACKSON,2023-01,141225.0,72358,FY 2023 Split by County
JACKSON,2023-02,145220.0,75829,FY 2023 Split by County
JACKSON,2023-03,120918.0,41524,FY 2023 Split by County
JACKSON,2023-04,121167.0,27778,FY 2023 Split by County
JACKSON,2023-05,120123.0,48196,FY 2023 Split by County
JACKSON,2023-06,154943.0,60402,FY 2023 Split by County
JACKSON,2023-07,155724.0,78421,FY 2024 Split by County
JACKSON,2023-08,187274.0,60484,FY 2024 Split by County
JACKSON,2023-09,136568.0,54472,FY 2024 Split by County
JACKSON,2023-10,194873.0,79284,FY 2024 Split by County
JACKSON,2023-11,191693.0,74542,FY 2024 Split by County
JACKSON,2023-12,184866.0,84751,FY 2024 Split by County
JACKSON,2024-01,203123.0,78621,FY 2024 Split by County
JACKSON,2024-02,200650.0,57927,FY 2024 Split by County
JACKSON,2024-03,201036.0,48489,FY 2024 Split by County
JACKSON,2024-04,189228.0,45763,FY 2024 Split by County
JACKSON,2024-05,194019.0,35430,FY 2024 Split by County
JACKSON,2024-06,186886.6,72563,FY 2024 Split by County
JACKSON,2024-07,204558.53,66106,FY 2025 Split by County
JACKSON,2024-08,201032.0,45599,FY 2025 Split by County
JACKSON,2024-09,223895.0,57195,FY 2025 Split by County
JACKSON,2024-10,223660.0,54454,FY 2025 Split by County
JACKSON,2024-11,198642.0,60748,FY 2025 Split by County
JACKSON,2024-12,214090.0,51764,FY 2025 Split by County
JACKSON,2025-01,174157.0,48609,FY 2025 Split by County
JACKSON,2025-02,213927.0,45181,FY 2025 Split by County
JACKSON,2025-03,212052.0,43331,FY 2025 Split by County
JACKSON,2025-04,211221.0,56470,FY 2025 Split by County
JACKSON,2025-05,221358.0,67190,FY 2025 Split by County
JACKSON,2025-06,197069.34,82978,FY 2025 Split by County
MADISON,2022-07,34369.0,13838,FY 2023 Split by County
MADISON,2022-08,20440.0,11981,FY 2023 Split by County
MADISON,2022-09,29754.0,9947,FY 2023 Split by County
MADISON,2022-10,43524.0,24057,FY 2023 Split by County
MADISON,2022-11,71191.0,29483,FY 2023 Split by County
MADISON,2022-12,29628.0,16935,FY 2023 Split by County
MADISON,2023-01,30418.0,16448,FY 2023 Split by County
MADISON,2023-02,19018.0,14501,FY 2023 Split by County
MADISON,2023-03,35882.0,20695,FY 2023 Split by County
MADISON,2023-04,30567.0,16610,FY 2023 Split by County
MADISON,2023-05,33015.0,17758,FY 2023 Split by County
MADISON,2023-06,25936.0,15719,FY 2023 Split by County
MADISON,2023-07,51688.0,18074,FY 2024 Split by County
MADISON,2023-08,28461.0,14053,FY 2024 Split by County
MADISON,2023-09,67338.0,29088,FY 2024 Split by County
MADISON,2023-10,30560.0,14951,FY 2024 Split by County
MADISON,2023-11,32656.0,16229,FY 2024 Split by County
MADISON,2023-12,24857.0,9873,FY 2024 Split by County
MADISON,2024-01,45231.0,14601,FY 2024 Split by County
MADISON,2024-02,34703.0,13873,FY 2024 Split by County
MADISON,2024-03,61907.0,14533,FY 2024 Split by County
MADISON,2024-04,52342.0,19309,FY 2024 Split by County
MADISON,2024-05,32730.0,19407,FY 2024 Split by County
MADISON,2024-06,20365.36,12367,FY 2024 Split by County
MADISON,2024-07,37381.9,16295,FY 2025 Split by County
MADISON,2024-08,42941.0,18736,FY 2025 Split by County
MADISON,2024-09,35554.0,17735,FY 2025 Split by County
MADISON,2024-10,46342.0,17822,FY 2025 Split by County
MADISON,2024-11,51924.0,16619,FY 2025 Split by County
MADISON,2024-12,25743.0,12811,FY 2025 Split by County
MADISON,2025-01,34032.0,14612,FY 2025 Split by County
MADISON,2025-02,40952.0,18453,FY 2025 Split by County
MADISON,2025-03,99289.0,33552,FY 2025 Split by County
MADISON,2025-04,43949.0,16396,FY 2025 Split by County
MADISON,2025-05,59176.0,20592,FY 2025 Split by County
MADISON,2025-06,35771.1,16790,FY 2025 Split by County
OCONEE,2022-07,14007.0,2812,FY 2023 Split by County
OCONEE,2022-08,14423.0,6180,FY 2023 Split by County
OCONEE,2022-09,13230.0,1039,FY 2023 Split by County
OCONEE,2022-10,21184.0,6007,FY 2023 Split by County
OCONEE,2022-11,21282.0,5673,FY 2023 Split by County
OCONEE,2022-12,19468.0,5415,FY 2023 Split by County
OCONEE,2023-01,11868.0,4878,FY 2023 Split by County
OCONEE,2023-02,20261.0,14177,FY 2023 Split by County
OCONEE,2023-03,16535.0,4713,FY 2023 Split by County
OCONEE,2023-04,22161.0,4157,FY 2023 Split by County
OCONEE,2023-05,14802.0,5428,FY 2023 Split by County
OCONEE,2023-06,22791.0,3976,FY 2023 Split by County
OCONEE,2023-07,26646.0,9661,FY 2024 Split by County
OCONEE,2023-08,26622.0,6045,FY 2024 Split by County
OCONEE,2023-09,24452.0,7662,FY 2024 Split by County
OCONEE,2023-10,24552.0,9725,FY 2024 Split by County
OCONEE,2023-11,24693.0,8853,FY 2024 Split by County
OCONEE,2023-12,28262.0,15531,FY 2024 Split by County
OCONEE,2024-01,28945.0,12322,FY 2024 Split by County
OCONEE,2024-02,23949.0,3429,FY 2024 Split by County
OCONEE,2024-03,25922.0,3804,FY 2024 Split by County
OCONEE,2024-04,31742.0,3246,FY 2024 Split by County
OCONEE,2024-05,24247.0,1146,FY 2024 Split by County
OCONEE,2024-06,24477.0,5893,FY 2024 Split by County
OCONEE,2024-07,22716.0,6504,FY 2025 Split by County
OCONEE,2024-08,35001.0,5778,FY 2025 Split by County
OCONEE,2024-09,17463.0,5582,FY 2025 Split by County
OCONEE,2024-10,27697.0,3079,FY 2025 Split by County
OCONEE,2024-11,28747.0,5218,FY 2025 Split by County
OCONEE,2024-12,30249.0,5869,FY 2025 Split by County
OCONEE,2025-01,29754.0,5442,FY 2025 Split by County
OCONEE,2025-02,29815.0,6913,FY 2025 Split by County
OCONEE,2025-03,27239.0,2197,FY 2025 Split by County
OCONEE,2025-04,14513.0,2843,FY 2025 Split by County
OCONEE,2025-05,23084.0,3292,FY 2025 Split by County
OCONEE,2025-06,20638.0,6929,FY 2025 Split by County
OGLETHORPE,2022-07,19794.0,6578,FY 2023 Split by County
OGLETHORPE,2022-08,44027.0,13798,FY 2023 Split by County
OGLETHORPE,2022-09,27297.0,13364,FY 2023 Split by County
OGLETHORPE,2022-10,37753.0,19593,FY 2023 Split by County
OGLETHORPE,2022-11,29563.0,15813,FY 2023 Split by County
OGLETHORPE,2022-12,34277.0,15704,FY 2023 Split by County
OGLETHORPE,2023-01,26826.0,10191,FY 2023 Split by County
OGLETHORPE,2023-02,34951.0,17689,FY 2023 Split by County
OGLETHORPE,2023-03,36531.0,21322,FY 2023 Split by County
OGLETHORPE,2023-04,36768.0,12342,FY 2023 Split by County
OGLETHORPE,2023-05,24618.0,13440,FY 2023 Split by County
OGLETHORPE,2023-06,41766.0,15905,FY 2023 Split by County
OGLETHORPE,2023-07,22920.0,13173,FY 2024 Split by County
OGLETHORPE,2023-08,33863.0,13298,FY 2024 Split by County
OGLETHORPE,2023-09,29815.0,8200,FY 2024 Split by County
OGLETHORPE,2023-10,42837.0,22386,FY 2024 Split by County
OGLETHORPE,2023-11,34564.0,16755,FY 2024 Split by County
OGLETHORPE,2023-12,44449.0,23780,FY 2024 Split by County
OGLETHORPE,2024-01,28517.0,13453,FY 2024 Split by County
OGLETHORPE,2024-02,33012.0,14959,FY 2024 Split by County
OGLETHORPE,2024-03,32711.0,12669,FY 2024 Split by County
OGLETHORPE,2024-04,50127.0,20209,FY 2024 Split by County
OGLETHORPE,2024-05,37126.0,20196,FY 2024 Split by County
OGLETHORPE,2024-06,36542.36,17302,FY 2024 Split by County
OGLETHORPE,2024-07,34850.17,13610,FY 2025 Split by County
OGLETHORPE,2024-08,41790.0,10501,FY 2025 Split by County
OGLETHORPE,2024-09,31696.0,12298,FY 2025 Split by County
OGLETHORPE,2024-10,56671.0,16671,FY 2025 Split by County
OGLETHORPE,2024-11,40843.0,20758,FY 2025 Split by County
OGLETHORPE,2024-12,44577.0,16272,FY 2025 Split by County
OGLETHORPE,2025-01,31423.0,11837,FY 2025 Split by County
OGLETHORPE,2025-02,65158.0,18657,FY 2025 Split by County
OGLETHORPE,2025-03,54664.0,26675,FY 2025 Split by County
OGLETHORPE,2025-04,49607.0,24128,FY 2025 Split by County
OGLETHORPE,2025-05,35817.0,16345,FY 2025 Split by County
OGLETHORPE,2025-06,45860.64,21376,FY 2025 Split by County
OTHER,2024-08,6777.0,268,FY 2025 Split by County
OTHER,2025-06,607110.0,607110,FY 2025 Split by County
RABUN,2022-07,106391.0,58431,FY 2023 Split by County
RABUN,2022-08,79578.0,33774,FY 2023 Split by County
RABUN,2022-09,85710.0,33836,FY 2023 Split by County
RABUN,2022-10,82849.0,44062,FY 2023 Split by County
RABUN,2022-11,61829.0,14380,FY 2023 Split by County
RABUN,2022-12,64349.0,27114,FY 2023 Split by County
RABUN,2023-01,186030.0,30256,FY 2023 Split by County
RABUN,2023-02,63608.0,36596,FY 2023 Split by County
RABUN,2023-03,64701.0,31697,FY 2023 Split by County
RABUN,2023-04,86876.0,43424,FY 2023 Split by County
RABUN,2023-05,62459.0,27099,FY 2023 Split by County
RABUN,2023-06,76420.0,35193,FY 2023 Split by County
RABUN,2023-07,90960.0,33440,FY 2024 Split by County
RABUN,2023-08,85051.0,33299,FY 2024 Split by County
RABUN,2023-09,109327.0,30150,FY 2024 Split by County
RABUN,2023-10,77270.0,28695,FY 2024 Split by County
RABUN,2023-11,81322.0,30778,FY 2024 Split by County
RABUN,2023-12,65141.0,26505,FY 2024 Split by County
RABUN,2024-01,72183.0,26469,FY 2024 Split by County
RABUN,2024-02,81895.0,21695,FY 2024 Split by County
RABUN,2024-03,111945.0,46880,FY 2024 Split by County
RABUN,2024-04,76484.0,19609,FY 2024 Split by County
RABUN,2024-05,109834.0,26361,FY 2024 Split by County
RABUN,2024-06,81631.0,24361,FY 2024 Split by County
RABUN,2024-07,92257.0,21139,FY 2025 Split by County
RABUN,2024-08,82804.0,32581,FY 2025 Split by County
RABUN,2024-09,53118.0,17089,FY 2025 Split by County
RABUN,2024-10,109566.0,33314,FY 2025 Split by County
RABUN,2024-11,64851.0,20299,FY 2025 Split by County
RABUN,2024-12,94561.0,40377,FY 2025 Split by County
RABUN,2025-01,64664.0,21157,FY 2025 Split by County
RABUN,2025-02,74609.0,16425,FY 2025 Split by County
RABUN,2025-03,79549.0,23283,FY 2025 Split by County
RABUN,2025-04,63536.0,22896,FY 2025 Split by County
RABUN,2025-05,79189.0,31552,FY 2025 Split by County
RABUN,2025-06,59889.4,23915,FY 2025 Split by County
STEPHENS,2022-07,41760.0,21468,FY 2023 Split by County
STEPHENS,2022-08,35719.0,12758,FY 2023 Split by County
STEPHENS,2022-09,40536.0,13470,FY 2023 Split by County
STEPHENS,2022-10,45708.0,26569,FY 2023 Split by County
STEPHENS,2022-11,44565.0,20369,FY 2023 Split by County
STEPHENS,2022-12,40413.0,18377,FY 2023 Split by County
STEPHENS,2023-01,32105.0,15557,FY 2023 Split by County
STEPHENS,2023-02,38433.0,26161,FY 2023 Split by County
STEPHENS,2023-03,35773.0,17028,FY 2023 Split by County
STEPHENS,2023-04,29894.0,20234,FY 2023 Split by County
STEPHENS,2023-05,38541.0,15691,FY 2023 Split by County
STEPHENS,2023-06,26694.0,16342,FY 2023 Split by County
STEPHENS,2023-07,33987.0,14496,FY 2024 Split by County
STEPHENS,2023-08,36665.0,13472,FY 2024 Split by County
STEPHENS,2023-09,24009.0,6810,FY 2024 Split by County
STEPHENS,2023-10,44113.0,9672,FY 2024 Split by County
STEPHENS,2023-11,32454.0,7270,FY 2024 Split by County
STEPHENS,2023-12,25472.0,5731,FY 2024 Split by County
STEPHENS,2024-01,24698.0,6769,FY 2024 Split by County
STEPHENS,2024-02,28269.0,7120,FY 2024 Split by County
STEPHENS,2024-03,38290.0,10639,FY 2024 Split by County
STEPHENS,2024-04,44749.0,13374,FY 2024 Split by County
STEPHENS,2024-05,66234.0,15195,FY 2024 Split by County
STEPHENS,2024-06,44617.0,11237,FY 2024 Split by County
STEPHENS,2024-07,41826.0,11328,FY 2025 Split by County
STEPHENS,2024-08,88761.0,18734,FY 2025 Split by County
STEPHENS,2024-09,59293.0,11470,FY 2025 Split by County
STEPHENS,2024-10,44987.0,14150,FY 2025 Split by County
STEPHENS,2024-11,58180.0,18060,FY 2025 Split by County
STEPHENS,2024-12,49721.0,12735,FY 2025 Split by County
STEPHENS,2025-01,47560.0,15999,FY 2025 Split by County
STEPHENS,2025-02,56827.0,14704,FY 2025 Split by County
STEPHENS,2025-03,79240.0,20899,FY 2025 Split by County
STEPHENS,2025-04,76466.0,22784,FY 2025 Split by County
STEPHENS,2025-05,81944.0,19547,FY 2025 Split by County
STEPHENS,2025-06,90090.06,24105,FY 2025 Split by County
TOWNS,2022-07,21994.0,7098,FY 2023 Split by County
TOWNS,2022-08,13816.0,6877,FY 2023 Split by County
TOWNS,2022-09,15211.0,4390,FY 2023 Split by County
TOWNS,2022-10,14207.0,7228,FY 2023 Split by County
TOWNS,2022-11,17452.0,6460,FY 2023 Split by County
TOWNS,2022-12,10547.0,3666,FY 2023 Split by County
TOWNS,2023-01,17121.0,6508,FY 2023 Split by County
TOWNS,2023-02,12018.0,6315,FY 2023 Split by County
TOWNS,2023-03,15542.0,4554,FY 2023 Split by County
TOWNS,2023-04,14106.0,6150,FY 2023 Split by County
TOWNS,2023-05,16679.0,4446,FY 2023 Split by County
TOWNS,2023-06,14878.0,5482,FY 2023 Split by County
TOWNS,2023-07,14130.0,7669,FY 2024 Split by County
TOWNS,2023-08,9837.0,3672,FY 2024 Split by County
TOWNS,2023-09,11949.0,1963,FY 2024 Split by County
TOWNS,2023-10,27745.0,3746,FY 2024 Split by County
TOWNS,2023-11,16494.0,2894,FY 2024 Split by County
TOWNS,2023-12,12384.0,2652,FY 2024 Split by County
TOWNS,2024-01,14834.0,2062,FY 2024 Split by County
TOWNS,2024-02,5200.0,1493,FY 2024 Split by County
TOWNS,2024-03,6126.0,1390,FY 2024 Split by County
TOWNS,2024-04,16586.0,1924,FY 2024 Split by County
TOWNS,2024-05,9749.0,2337,FY 2024 Split by County
TOWNS,2024-06,2861.0,1603,FY 2024 Split by County
TOWNS,2024-07,14342.0,3080,FY 2025 Split by County
TOWNS,2024-08,8504.0,2680,FY 2025 Split by County
TOWNS,2024-09,3892.0,720,FY 2025 Split by County
TOWNS,2024-10,7089.0,2836,FY 2025 Split by County
TOWNS,2024-11,13796.0,1406,FY 2025 Split by County
TOWNS,2024-12,3036.0,1056,FY 2025 Split by County
TOWNS,2025-01,8437.0,997,FY 2025 Split by County
TOWNS,2025-02,10049.0,2309,FY 2025 Split by County
TOWNS,2025-03,16197.0,2112,FY 2025 Split by County
TOWNS,2025-04,10324.0,1703,FY 2025 Split by County
TOWNS,2025-05,11784.0,3357,FY 2025 Split by County
TOWNS,2025-06,10030.0,1281,FY 2025 Split by County
WHITE,2022-07,26749.0,11685,FY 2023 Split by County
WHITE,2022-08,36916.0,18051,FY 2023 Split by County
WHITE,2022-09,30774.0,8837,FY 2023 Split by County
WHITE,2022-10,33819.0,16327,FY 2023 Split by County
WHITE,2022-11,37404.0,23464,FY 2023 Split by County
WHITE,2022-12,31872.0,17944,FY 2023 Split by County
WHITE,2023-01,32813.5,11025,FY 2023 Split by County
WHITE,2023-02,26919.0,15627,FY 2023 Split by County
WHITE,2023-03,27910.0,11377,FY 2023 Split by County
WHITE,2023-04,38652.0,19133,FY 2023 Split by County
WHITE,2023-05,30145.0,14569,FY 2023 Split by County
WHITE,2023-06,28251.0,18468,FY 2023 Split by County
WHITE,2023-07,29610.0,13657,FY 2024 Split by County
WHITE,2023-08,29956.0,9269,FY 2024 Split by County
WHITE,2023-09,24303.0,1928,FY 2024 Split by County
WHITE,2023-10,34899.0,5579,FY 2024 Split by County
WHITE,2023-11,21071.0,2633,FY 2024 Split by County
WHITE,2023-12,25265.0,4771,FY 2024 Split by County
WHITE,2024-01,30956.0,4481,FY 2024 Split by County
WHITE,2024-02,30321.0,4829,FY 2024 Split by County
WHITE,2024-03,29814.0,4229,FY 2024 Split by County
WHITE,2024-04,32839.0,6733,FY 2024 Split by County
WHITE,2024-05,28166.0,3211,FY 2024 Split by County
WHITE,2024-06,29044.0,4344,FY 2024 Split by County
WHITE,2024-07,32183.0,4842,FY 2025 Split by County
WHITE,2024-08,26008.0,2660,FY 2025 Split by County
WHITE,2024-09,26357.0,2751,FY 2025 Split by County
WHITE,2024-10,29944.0,4885,FY 2025 Split by County
WHITE,2024-11,28316.0,1968,FY 2025 Split by County
WHITE,2024-12,33868.0,8206,FY 2025 Split by County
WHITE,2025-01,30839.0,4010,FY 2025 Split by County
WHITE,2025-02,35272.0,7402,FY 2025 Split by County
WHITE,2025-03,39032.0,4517,FY 2025 Split by County
WHITE,2025-04,39739.0,8282,FY 2025 Split by County
WHITE,2025-05,48556.0,13857,FY 2025 Split by County
WHITE,2025-06,41495.0,10865,FY 2025 Split by County
