Agency Id,Order Id,Product Id,Agency Ref,Agency Name,Order Ref,Agency Activity,Agency Group,Agency Type,Product Category,Product Ref,Quantity,Total Purchased,Total Cost,Total Service Fee,Weight,Total Value,Gross Margin,County,Service Fee,Pickup Delivery Date,Confirmed Date,Service Fee Name,Shipping Method,Product Name,Is Non Food,Warehouse Name,Warehouse Ref,Agency Postal Code,Agency City
768,172923,1791,L-110,Living Word Baptist Church,476554,,FP/USDA,MOBILE PANTRY-Agency,USDA,N-50-10079,13,0.0,0.0,0.0,338.0,652.34,-652.34,OCONEE,0.0,01/16/2024 03:00:00 PM,01/16/2024 01:18:59 PM,Price Code 1,TRUCK 1 MOBILE PANTRY,USDA WALNUT HALVES AND PIECES,False,Food Bank of Northeast Georgia,01,30622.0,Bogart
1019,178033,8990,F2KOconee County,F2K Oconee County,480652,,FOOD PANTRY,AT-RISK YOUTH-Agency,BLUE RECEIPT-SHL,N-03-11819,30,0.0,0.0,0.0,990.0,1910.7,-1910.7,OCONEE,0.0,04/02/2024 03:00:00 PM,04/11/2024 01:05:01 PM,Price Code 1,CUSTOMER PICKUP,CHERRY DR PEPPER,False,Food Bank of Northeast Georgia,01,,
643,182518,875,G-131,"Grace Fellowship Church, INC",485121,,FP/USDA,MOBILE PANTRY-Agency,BLUE RECEIPT-SHL,W-04-10000,326,0.0,0.0,0.0,326.0,629.18,-629.18,OCONEE,0.0,06/27/2024 03:00:00 PM,06/27/2024 04:34:22 PM,Price Code 1,TRUCK 1 MOBILE PANTRY,"BREAD & BAKERY, ASSORTED SHL",False,Food Bank of Northeast Georgia,01,30622.0,Bogart
1019,176416,5938,F2KOconee County,F2K Oconee County,479040,,FOOD PANTRY,AT-RISK YOUTH-Agency,BLUE RECEIPT-SHL,C-28-10001,1270,0.0,0.0,0.0,1270.0,2451.1,-2451.1,OCONEE,0.0,03/05/2024 03:30:00 PM,03/20/2024 11:43:06 AM,Price Code 1,TRACTOR TRAILER 1 MOBILE PANTRY,"PRODUCE, FRESH SHL",False,Food Bank of Northeast Georgia,01,,
1019,172554,8873,F2KOconee County,F2K Oconee County,476185,,FOOD PANTRY,AT-RISK YOUTH-Agency,YELLOW RECEIPT - SHN,F-10-10001,6,0.0,0.0,0.0,18.0,0.0,0.0,OCONEE,0.0,01/09/2024 04:00:00 PM,01/11/2024 08:47:16 AM,Price Code 1,TRUCK 2 MOBILE PANTRY,OUTSHINE STRAWBERRY BANANA SMOOTHIE CUBES,False,Food Bank of Northeast Georgia,01,,
768,182205,170,L-110,Living Word Baptist Church,484809,,FP/USDA,MOBILE PANTRY-Agency,USDA,N-50-10007,13,0.0,0.0,0.0,364.0,702.52,-702.52,OCONEE,0.0,06/18/2024 02:00:00 PM,06/18/2024 01:35:29 PM,Price Code 1,TRUCK 1 MOBILE PANTRY,"USDA CORN, WHOLE KERNEL NO SALT",False,Food Bank of Northeast Georgia,01,30622.0,Bogart
1019,173541,8918,F2KOconee County,F2K Oconee County,477170,,FOOD PANTRY,AT-RISK YOUTH-Agency,LOCAL - LL,N-25-11950,4,0.0,0.0,0.0,8.0,15.44,-15.44,OCONEE,0.0,02/06/2024 03:30:00 PM,02/22/2024 11:14:56 AM,Price Code 1,TRUCK 1 MOBILE PANTRY,GHIRARDELLI DARK CHOCOLATE,False,Food Bank of Northeast Georgia,01,,
768,172923,8915,L-110,Living Word Baptist Church,476554,,FP/USDA,MOBILE PANTRY-Agency,USDA,F-50-90474,36,0.0,0.0,0.0,1440.0,2779.2,-2779.2,OCONEE,0.0,01/16/2024 03:00:00 PM,01/16/2024 01:18:59 PM,Price Code 1,TRUCK 1 MOBILE PANTRY,USDA PACIFIC SALAD SHRIMP,False,Food Bank of Northeast Georgia,01,30622.0,Bogart
1019,176416,8918,F2KOconee County,F2K Oconee County,479040,,FOOD PANTRY,AT-RISK YOUTH-Agency,LOCAL - LL,N-25-11950,5,0.0,0.0,0.0,10.0,19.3,-19.3,OCONEE,0.0,03/05/2024 03:30:00 PM,03/20/2024 11:43:06 AM,Price Code 1,TRACTOR TRAILER 1 MOBILE PANTRY,GHIRARDELLI DARK CHOCOLATE,False,Food Bank of Northeast Georgia,01,,
643,173391,1791,G-131,"Grace Fellowship Church, INC",477020,,FP/USDA,MOBILE PANTRY-Agency,USDA,N-50-10079,13,0.0,0.0,0.0,338.0,652.34,-652.34,OCONEE,0.0,01/25/2024 03:00:00 PM,01/25/2024 02:29:06 PM,Price Code 1,TRUCK 1 MOBILE PANTRY,USDA WALNUT HALVES AND PIECES,False,Food Bank of Northeast Georgia,01,30622.0,Bogart
768,182205,5938,L-110,Living Word Baptist Church,484809,,FP/USDA,MOBILE PANTRY-Agency,BLUE RECEIPT-SHL,C-28-10001,2511,0.0,0.0,0.0,2511.0,4846.23,-4846.23,OCONEE,0.0,06/18/2024 02:00:00 PM,06/18/2024 01:35:29 PM,Price Code 1,TRUCK 1 MOBILE PANTRY,"PRODUCE, FRESH SHL",False,Food Bank of Northeast Georgia,01,30622.0,Bogart
768,178864,84,L-110,Living Word Baptist Church,481478,,FP/USDA,MOBILE PANTRY-Agency,USDA,N-50-10006,8,0.0,0.0,0.0,216.0,416.88,-416.88,OCONEE,0.0,04/16/2024 02:00:00 PM,04/17/2024 11:06:40 AM,Price Code 1,TRUCK 1 MOBILE PANTRY,USDA GREEN BEANS,False,Food Bank of Northeast Georgia,01,30622.0,Bogart
643,181193,875,G-131,"Grace Fellowship Church, INC",483798,,FP/USDA,MOBILE PANTRY-Agency,BLUE RECEIPT-SHL,W-04-10000,197,0.0,0.0,0.0,197.0,380.21,-380.21,OCONEE,0.0,05/23/2024 02:24:00 PM,05/28/2024 07:55:03 AM,Price Code 1,TRUCK 1 MOBILE PANTRY,"BREAD & BAKERY, ASSORTED SHL",False,Food Bank of Northeast Georgia,01,30622.0,Bogart
643,177729,4449,G-131,"Grace Fellowship Church, INC",480348,,FP/USDA,MOBILE PANTRY-Agency,USDA,F-50-90445,34,0.0,0.0,0.0,1394.0,2690.42,-2690.42,OCONEE,0.0,03/28/2024 03:00:00 PM,03/28/2024 02:25:26 PM,Price Code 1,TRUCK 1 MOBILE PANTRY,USDA FULLY COOKED PULLED PORK CCC,False,Food Bank of Northeast Georgia,01,30622.0,Bogart
163,172699,696,O-102,Oconee County Senior Center,476330,,ON PREMISES (OP),SENIOR-Agency,LOCAL - LL,W-25-10000,48,0.0,0.0,8.64,48.0,92.64,-84.0,OCONEE,0.18,01/08/2024 01:38:00 PM,01/08/2024 09:19:28 AM,Price Code 1,CUSTOMER PICKUP,"ASSORTED SNACK ITEMS, LL",False,Sharing Floor Athens,01-SH,30622.0,Bogart
768,172923,170,L-110,Living Word Baptist Church,476554,,FP/USDA,MOBILE PANTRY-Agency,USDA,N-50-10007,13,0.0,0.0,0.0,364.0,702.52,-702.52,OCONEE,0.0,01/16/2024 03:00:00 PM,01/16/2024 01:18:59 PM,Price Code 1,TRUCK 1 MOBILE PANTRY,"USDA CORN, WHOLE KERNEL NO SALT",False,Food Bank of Northeast Georgia,01,30622.0,Bogart
643,182518,4715,G-131,"Grace Fellowship Church, INC",485121,,FP/USDA,MOBILE PANTRY-Agency,USDA,F-50-90461,18,0.0,0.0,0.0,720.0,1389.6,-1389.6,OCONEE,0.0,06/27/2024 03:00:00 PM,06/27/2024 04:34:22 PM,Price Code 1,TRUCK 1 MOBILE PANTRY,USDA ALASKAN POLLACK FISH FILLETS,False,Food Bank of Northeast Georgia,01,30622.0,Bogart
163,173323,5407,O-102,Oconee County Senior Center,476952,,ON PREMISES (OP),SENIOR-Agency,BLUE RECEIPT-SHL,F-15-10000,11,0.0,0.0,1.98,11.0,21.23,-19.25,OCONEE,0.18,01/19/2024 01:38:00 PM,01/19/2024 01:45:32 PM,Price Code 1,CUSTOMER PICKUP,"MEAT & SEAFOOD, FROZEN SHL",False,Sharing Floor Athens,01-SH,30622.0,Bogart
163,173662,690,O-102,Oconee County Senior Center,477291,,ON PREMISES (OP),SENIOR-Agency,BLUE RECEIPT-SHL,W-03-10013,98,0.0,0.0,2.94,98.0,287.14,-284.2,OCONEE,0.03,01/26/2024 01:38:00 PM,01/26/2024 09:19:08 AM,Price Code 1,CUSTOMER PICKUP,"ASSORTED BEVERAGES, SHL",False,Sharing Floor Athens,01-SH,30622.0,Bogart
643,175855,84,G-131,"Grace Fellowship Church, INC",478483,,FP/USDA,MOBILE PANTRY-Agency,USDA,N-50-10006,13,0.0,0.0,0.0,351.0,677.43,-677.43,OCONEE,0.0,02/22/2024 03:00:00 PM,02/23/2024 07:08:43 AM,Price Code 1,TRUCK 1 MOBILE PANTRY,USDA GREEN BEANS,False,Food Bank of Northeast Georgia,01,30622.0,Bogart
643,179440,8991,G-131,"Grace Fellowship Church, INC",482053,,FP/USDA,MOBILE PANTRY-Agency,USDA,N-50-10311,13,0.0,0.0,0.0,312.0,602.16,-602.16,OCONEE,0.0,04/25/2024 03:00:00 PM,04/25/2024 01:44:07 PM,Price Code 1,TRUCK 1 MOBILE PANTRY,USDA HAZELNUTS CCC,False,Food Bank of Northeast Georgia,01,30622.0,Bogart
1019,176416,8546,F2KOconee County,F2K Oconee County,479040,,FOOD PANTRY,AT-RISK YOUTH-Agency,BLUE RECEIPT-SHL,N-03-10262,10,0.0,0.0,0.0,300.0,579.0,-579.0,OCONEE,0.0,03/05/2024 03:30:00 PM,03/20/2024 11:43:06 AM,Price Code 1,TRACTOR TRAILER 1 MOBILE PANTRY,STARRY LEMON LIME SODA 16.9 OZ,False,Food Bank of Northeast Georgia,01,,
643,175855,6816,G-131,"Grace Fellowship Church, INC",478483,,FP/USDA,MOBILE PANTRY-Agency,BLUE RECEIPT-SHL,C-28-90345,41,0.0,0.0,0.0,2050.0,3956.5,-3956.5,OCONEE,0.0,02/22/2024 03:00:00 PM,02/23/2024 07:08:43 AM,Price Code 1,TRUCK 1 MOBILE PANTRY,CARROTS,False,Food Bank of Northeast Georgia,01,30622.0,Bogart
1019,176416,8949,F2KOconee County,F2K Oconee County,479040,,FOOD PANTRY,AT-RISK YOUTH-Agency,LOCAL - LL,C-28-90536,2,0.0,0.0,0.0,100.0,193.0,-193.0,OCONEE,0.0,03/05/2024 03:30:00 PM,03/20/2024 11:43:06 AM,Price Code 1,TRACTOR TRAILER 1 MOBILE PANTRY,"CARROTS, 50#",False,Food Bank of Northeast Georgia,01,,
643,182518,1674,G-131,"Grace Fellowship Church, INC",485121,,FP/USDA,MOBILE PANTRY-Agency,USDA,N-50-10073,13,0.0,0.0,0.0,351.0,677.43,-677.43,OCONEE,0.0,06/27/2024 03:00:00 PM,06/27/2024 04:34:22 PM,Price Code 1,TRUCK 1 MOBILE PANTRY,USDA TOMATO SAUCE,False,Food Bank of Northeast Georgia,01,30622.0,Bogart
1019,176416,8869,F2KOconee County,F2K Oconee County,479040,,FOOD PANTRY,AT-RISK YOUTH-Agency,YELLOW RECEIPT - SHN,N-20-10004,6,0.0,0.0,0.0,18.0,0.0,0.0,OCONEE,0.0,03/05/2024 03:30:00 PM,03/20/2024 11:43:06 AM,Price Code 1,TRACTOR TRAILER 1 MOBILE PANTRY,PAMPERS PREEMIE SWADDLERS,False,Food Bank of Northeast Georgia,01,,
643,177729,6780,G-131,"Grace Fellowship Church, INC",480348,,FP/USDA,MOBILE PANTRY-Agency,USDA,C-50-10024,30,0.0,0.0,0.0,1290.0,2489.7,-2489.7,OCONEE,0.0,03/28/2024 03:00:00 PM,03/28/2024 02:25:26 PM,Price Code 1,TRUCK 1 MOBILE PANTRY,USDA APPLES,False,Food Bank of Northeast Georgia,01,30622.0,Bogart
1019,173541,8930,F2KOconee County,F2K Oconee County,477170,,FOOD PANTRY,AT-RISK YOUTH-Agency,BLUE RECEIPT-SHL,N-03-11805,4,0.0,0.0,0.0,72.0,138.96,-138.96,OCONEE,0.0,02/06/2024 03:30:00 PM,02/22/2024 11:14:56 AM,Price Code 1,TRUCK 1 MOBILE PANTRY,GATORADE ORANGE ZERO SUGAR,False,Food Bank of Northeast Georgia,01,,
163,176095,50,O-102,Oconee County Senior Center,478722,,ON PREMISES (OP),SENIOR-Agency,LOCAL - LL,W-16-10002,2,0.0,0.0,0.36,2.0,3.86,-3.5,OCONEE,0.18,02/23/2024 01:38:00 PM,02/23/2024 11:23:48 AM,Price Code 1,CUSTOMER PICKUP,MISC. FOOD BOX LL,False,Sharing Floor Athens,01-SH,30622.0,Bogart
768,180928,7083,L-110,Living Word Baptist Church,483534,,FP/USDA,MOBILE PANTRY-Agency,USDA,C-50-10029,82,0.0,0.0,0.0,984.0,1899.12,-1899.12,OCONEE,0.0,05/21/2024 02:00:00 PM,05/22/2024 07:07:27 AM,Price Code 1,TRUCK 1 MOBILE PANTRY,"USDA MILD CHEDDAR CHEESE, BLOCK CCC",False,Food Bank of Northeast Georgia,01,30622.0,Bogart
643,173391,170,G-131,"Grace Fellowship Church, INC",477020,,FP/USDA,MOBILE PANTRY-Agency,USDA,N-50-10007,13,0.0,0.0,0.0,364.0,702.52,-702.52,OCONEE,0.0,01/25/2024 03:00:00 PM,01/25/2024 02:29:06 PM,Price Code 1,TRUCK 1 MOBILE PANTRY,"USDA CORN, WHOLE KERNEL NO SALT",False,Food Bank of Northeast Georgia,01,30622.0,Bogart
643,182518,84,G-131,"Grace Fellowship Church, INC",485121,,FP/USDA,MOBILE PANTRY-Agency,USDA,N-50-10006,13,0.0,0.0,0.0,351.0,677.43,-677.43,OCONEE,0.0,06/27/2024 03:00:00 PM,06/27/2024 04:34:22 PM,Price Code 1,TRUCK 1 MOBILE PANTRY,USDA GREEN BEANS,False,Food Bank of Northeast Georgia,01,30622.0,Bogart
643,182518,7061,G-131,"Grace Fellowship Church, INC",485121,,FP/USDA,MOBILE PANTRY-Agency,USDA,C-50-10021,54,0.0,0.0,0.0,2268.0,4377.24,-4377.24,OCONEE,0.0,06/27/2024 03:00:00 PM,06/27/2024 04:34:22 PM,Price Code 1,TRUCK 1 MOBILE PANTRY,USDA FRESH ORANGES,False,Food Bank of Northeast Georgia,01,30622.0,Bogart
643,173391,842,G-131,"Grace Fellowship Church, INC",477020,,FP/USDA,MOBILE PANTRY-Agency,USDA,N-50-10021,13,0.0,0.0,0.0,351.0,677.43,-677.43,OCONEE,0.0,01/25/2024 03:00:00 PM,01/25/2024 02:29:06 PM,Price Code 1,TRUCK 1 MOBILE PANTRY,USDA DICED TOMATOES NO SALT CCC,False,Food Bank of Northeast Georgia,01,30622.0,Bogart
643,179440,84,G-131,"Grace Fellowship Church, INC",482053,,FP/USDA,MOBILE PANTRY-Agency,USDA,N-50-10006,13,0.0,0.0,0.0,351.0,677.43,-677.43,OCONEE,0.0,04/25/2024 03:00:00 PM,04/25/2024 01:44:07 PM,Price Code 1,TRUCK 1 MOBILE PANTRY,USDA GREEN BEANS,False,Food Bank of Northeast Georgia,01,30622.0,Bogart
1019,176416,2081,F2KOconee County,F2K Oconee County,479040,,FOOD PANTRY,AT-RISK YOUTH-Agency,BLUE RECEIPT-SHL,W-30-10002,1251,0.0,0.0,0.0,1251.0,2414.43,-2414.43,OCONEE,0.0,03/05/2024 03:30:00 PM,03/20/2024 11:43:06 AM,Price Code 1,TRACTOR TRAILER 1 MOBILE PANTRY,"UNSORTED SALVAGE, SHL",False,Food Bank of Northeast Georgia,01,,
643,182518,2426,G-131,"Grace Fellowship Church, INC",485121,,FP/USDA,MOBILE PANTRY-Agency,USDA,N-50-10112,13,0.0,0.0,0.0,325.0,627.25,-627.25,OCONEE,0.0,06/27/2024 03:00:00 PM,06/27/2024 04:34:22 PM,Price Code 1,TRUCK 1 MOBILE PANTRY,USDA PISTACHIOS,False,Food Bank of Northeast Georgia,01,30622.0,Bogart
643,177729,7284,G-131,"Grace Fellowship Church, INC",480348,,FP/USDA,MOBILE PANTRY-Agency,USDA,C-50-10043,41,0.0,0.0,0.0,1066.0,2057.38,-2057.38,OCONEE,0.0,03/28/2024 03:00:00 PM,03/28/2024 02:25:26 PM,Price Code 1,TRUCK 1 MOBILE PANTRY,USDA RED FAT AMERICAN CHEESE CCC,False,Food Bank of Northeast Georgia,01,30622.0,Bogart
643,177729,4448,G-131,"Grace Fellowship Church, INC",480348,,FP/USDA,MOBILE PANTRY-Agency,USDA,F-50-90446,33,0.0,0.0,0.0,924.0,1783.32,-1783.32,OCONEE,0.0,03/28/2024 03:00:00 PM,03/28/2024 02:25:26 PM,Price Code 1,TRUCK 1 MOBILE PANTRY,USDA FROZEN STRAWBERRY FRUIT CUPS,False,Food Bank of Northeast Georgia,01,30622.0,Bogart
768,178864,170,L-110,Living Word Baptist Church,481478,,FP/USDA,MOBILE PANTRY-Agency,USDA,N-50-10007,8,0.0,0.0,0.0,224.0,432.32,-432.32,OCONEE,0.0,04/16/2024 02:00:00 PM,04/17/2024 11:06:40 AM,Price Code 1,TRUCK 1 MOBILE PANTRY,"USDA CORN, WHOLE KERNEL NO SALT",False,Food Bank of Northeast Georgia,01,30622.0,Bogart
163,173323,696,O-102,Oconee County Senior Center,476952,,ON PREMISES (OP),SENIOR-Agency,LOCAL - LL,W-25-10000,33,0.0,0.0,2.97,33.0,63.69,-60.72,OCONEE,0.09,01/19/2024 01:38:00 PM,01/19/2024 01:45:32 PM,Price Code 1,CUSTOMER PICKUP,"ASSORTED SNACK ITEMS, LL",False,Sharing Floor Athens,01-SH,30622.0,Bogart
643,181193,170,G-131,"Grace Fellowship Church, INC",483798,,FP/USDA,MOBILE PANTRY-Agency,USDA,N-50-10007,13,0.0,0.0,0.0,364.0,702.52,-702.52,OCONEE,0.0,05/23/2024 02:24:00 PM,05/28/2024 07:55:03 AM,Price Code 1,TRUCK 1 MOBILE PANTRY,"USDA CORN, WHOLE KERNEL NO SALT",False,Food Bank of Northeast Georgia,01,30622.0,Bogart
50,172785,875,C-111,Churches Homes Foundation,476416,,ON PREMISES (OP),YOUTH-Agency,BLUE RECEIPT-SHL,W-04-10000,8,0.0,0.0,0.0,8.0,15.44,-15.44,OCONEE,0.0,01/09/2024 12:16:00 PM,01/09/2024 09:15:31 AM,Price Code 1,CUSTOMER PICKUP,"BREAD & BAKERY, ASSORTED SHL",False,Sharing Floor Athens,01-SH,30622.0,Bogart
768,182205,2202,L-110,Living Word Baptist Church,484809,,FP/USDA,MOBILE PANTRY-Agency,USDA,N-50-10240,15,0.0,0.0,0.0,330.0,636.9,-636.9,OCONEE,0.0,06/18/2024 02:00:00 PM,06/18/2024 01:35:29 PM,Price Code 1,TRUCK 1 MOBILE PANTRY,USDA SPAGHETTI,False,Food Bank of Northeast Georgia,01,30622.0,Bogart
768,180928,170,L-110,Living Word Baptist Church,483534,,FP/USDA,MOBILE PANTRY-Agency,USDA,N-50-10007,10,0.0,0.0,0.0,280.0,540.4,-540.4,OCONEE,0.0,05/21/2024 02:00:00 PM,05/22/2024 07:07:27 AM,Price Code 1,TRUCK 1 MOBILE PANTRY,"USDA CORN, WHOLE KERNEL NO SALT",False,Food Bank of Northeast Georgia,01,30622.0,Bogart
1019,173541,8766,F2KOconee County,F2K Oconee County,477170,,FOOD PANTRY,AT-RISK YOUTH-Agency,LOCAL - LL,N-25-11919,4,0.0,0.0,0.0,8.0,15.44,-15.44,OCONEE,0.0,02/06/2024 03:30:00 PM,02/22/2024 11:14:56 AM,Price Code 1,TRUCK 1 MOBILE PANTRY,GHIRARDELLI SEA SALT CARAMEL CHOCOLATE,False,Food Bank of Northeast Georgia,01,,
768,175500,170,L-110,Living Word Baptist Church,478129,,FP/USDA,MOBILE PANTRY-Agency,USDA,N-50-10007,8,0.0,0.0,0.0,224.0,432.32,-432.32,OCONEE,0.0,02/20/2024 02:00:00 PM,02/23/2024 07:08:33 AM,Price Code 1,TRUCK 1 MOBILE PANTRY,"USDA CORN, WHOLE KERNEL NO SALT",False,Food Bank of Northeast Georgia,01,30622.0,Bogart
643,182518,6283,G-131,"Grace Fellowship Church, INC",485121,,FP/USDA,MOBILE PANTRY-Agency,BLUE RECEIPT-SHL,C-28-90175,14,0.0,0.0,0.0,630.0,1215.9,-1215.9,OCONEE,0.0,06/27/2024 03:00:00 PM,06/27/2024 04:34:22 PM,Price Code 1,TRUCK 1 MOBILE PANTRY,SELECT CUCUMBERS,False,Food Bank of Northeast Georgia,01,30622.0,Bogart
1019,172554,8874,F2KOconee County,F2K Oconee County,476185,,FOOD PANTRY,AT-RISK YOUTH-Agency,YELLOW RECEIPT - SHN,F-10-10002,5,0.0,0.0,0.0,15.0,0.0,0.0,OCONEE,0.0,01/09/2024 04:00:00 PM,01/11/2024 08:47:16 AM,Price Code 1,TRUCK 2 MOBILE PANTRY,OUTSHINE TROPICAL SMOOTHIE CUBES,False,Food Bank of Northeast Georgia,01,,
768,172923,1521,L-110,Living Word Baptist Church,476554,,FP/USDA,MOBILE PANTRY-Agency,USDA,N-50-10104,25,0.0,0.0,0.0,625.0,1206.25,-1206.25,OCONEE,0.0,01/16/2024 03:00:00 PM,01/16/2024 01:18:59 PM,Price Code 1,TRUCK 1 MOBILE PANTRY,USDA LENTIL BEANS,False,Food Bank of Northeast Georgia,01,30622.0,Bogart
643,173391,8783,G-131,"Grace Fellowship Church, INC",477020,,FP/USDA,MOBILE PANTRY-Agency,USDA,N-50-10308,13,0.0,0.0,0.0,299.0,577.07,-577.07,OCONEE,0.0,01/25/2024 03:00:00 PM,01/25/2024 02:29:06 PM,Price Code 1,TRUCK 1 MOBILE PANTRY,USDA RAISINS,False,Food Bank of Northeast Georgia,01,30622.0,Bogart
1019,178033,8903,F2KOconee County,F2K Oconee County,480652,,FOOD PANTRY,AT-RISK YOUTH-Agency,YELLOW RECEIPT - SHN,N-16-10181,9,0.0,0.0,0.0,45.0,0.0,0.0,OCONEE,0.0,04/02/2024 03:00:00 PM,04/11/2024 01:05:01 PM,Price Code 1,CUSTOMER PICKUP,STOVE TOP STUFFING - TURKEY/CHICKEN/CORNBREAD,False,Food Bank of Northeast Georgia,01,,
768,182205,7061,L-110,Living Word Baptist Church,484809,,FP/USDA,MOBILE PANTRY-Agency,USDA,C-50-10021,54,0.0,0.0,0.0,2268.0,4377.24,-4377.24,OCONEE,0.0,06/18/2024 02:00:00 PM,06/18/2024 01:35:29 PM,Price Code 1,TRUCK 1 MOBILE PANTRY,USDA FRESH ORANGES,False,Food Bank of Northeast Georgia,01,30622.0,Bogart
768,180928,8512,L-110,Living Word Baptist Church,483534,,FP/USDA,MOBILE PANTRY-Agency,USDA,C-50-10049,54,0.0,0.0,0.0,2106.0,4064.58,-4064.58,OCONEE,0.0,05/21/2024 02:00:00 PM,05/22/2024 07:07:27 AM,Price Code 1,TRUCK 1 MOBILE PANTRY,USDA GRAPEFRUIT CCC,False,Food Bank of Northeast Georgia,01,30622.0,Bogart
643,175855,8915,G-131,"Grace Fellowship Church, INC",478483,,FP/USDA,MOBILE PANTRY-Agency,USDA,F-50-90474,41,0.0,0.0,0.0,1640.0,3165.2,-3165.2,OCONEE,0.0,02/22/2024 03:00:00 PM,02/23/2024 07:08:43 AM,Price Code 1,TRUCK 1 MOBILE PANTRY,USDA PACIFIC SALAD SHRIMP,False,Food Bank of Northeast Georgia,01,30622.0,Bogart
768,172923,8676,L-110,Living Word Baptist Church,476554,,FP/USDA,MOBILE PANTRY-Agency,LOCAL - LL,C-88-10000,4000,0.0,0.0,0.0,4000.0,7720.0,-7720.0,OCONEE,0.0,01/16/2024 03:00:00 PM,01/16/2024 01:18:59 PM,Price Code 1,TRUCK 1 MOBILE PANTRY,"LFPA PRODUCE, MISC",False,Food Bank of Northeast Georgia,01,30622.0,Bogart
643,179440,875,G-131,"Grace Fellowship Church, INC",482053,,FP/USDA,MOBILE PANTRY-Agency,BLUE RECEIPT-SHL,W-04-10000,304,0.0,0.0,0.0,304.0,586.72,-586.72,OCONEE,0.0,04/25/2024 03:00:00 PM,04/25/2024 01:44:07 PM,Price Code 1,TRUCK 1 MOBILE PANTRY,"BREAD & BAKERY, ASSORTED SHL",False,Food Bank of Northeast Georgia,01,30622.0,Bogart
1019,176416,6791,F2KOconee County,F2K Oconee County,479040,,FOOD PANTRY,AT-RISK YOUTH-Agency,BLUE RECEIPT-SHL,C-28-90306,2,0.0,0.0,0.0,2.0,3.86,-3.86,OCONEE,0.0,03/05/2024 03:30:00 PM,03/20/2024 11:43:06 AM,Price Code 1,TRACTOR TRAILER 1 MOBILE PANTRY,"APPLES, SHL",False,Food Bank of Northeast Georgia,01,,
643,182518,1791,G-131,"Grace Fellowship Church, INC",485121,,FP/USDA,MOBILE PANTRY-Agency,USDA,N-50-10079,13,0.0,0.0,0.0,338.0,652.34,-652.34,OCONEE,0.0,06/27/2024 03:00:00 PM,06/27/2024 04:34:22 PM,Price Code 1,TRUCK 1 MOBILE PANTRY,USDA WALNUT HALVES AND PIECES,False,Food Bank of Northeast Georgia,01,30622.0,Bogart
643,173391,8672,G-131,"Grace Fellowship Church, INC",477020,,FP/USDA,MOBILE PANTRY-Agency,USDA,N-50-10301,25,0.0,0.0,0.0,600.0,1158.0,-1158.0,OCONEE,0.0,01/25/2024 03:00:00 PM,01/25/2024 02:29:06 PM,Price Code 1,TRUCK 1 MOBILE PANTRY,USDA YELLOW SPLIT PEAS,False,Food Bank of Northeast Georgia,01,30622.0,Bogart
768,178864,800,L-110,Living Word Baptist Church,481478,,FP/USDA,MOBILE PANTRY-Agency,USDA,N-50-10065,8,0.0,0.0,0.0,216.0,416.88,-416.88,OCONEE,0.0,04/16/2024 02:00:00 PM,04/17/2024 11:06:40 AM,Price Code 1,TRUCK 1 MOBILE PANTRY,USDA APPLESAUCE,False,Food Bank of Northeast Georgia,01,30622.0,Bogart
1019,178033,8851,F2KOconee County,F2K Oconee County,480652,,FOOD PANTRY,AT-RISK YOUTH-Agency,PURCH,N-11-11071,9,0.0,0.0,0.0,54.0,0.0,0.0,OCONEE,0.0,04/02/2024 03:00:00 PM,04/11/2024 01:05:01 PM,Price Code 1,CUSTOMER PICKUP,"CHICKEN STUFFING, PREMIER PANTRY",False,Food Bank of Northeast Georgia,01,,
1019,176416,8903,F2KOconee County,F2K Oconee County,479040,,FOOD PANTRY,AT-RISK YOUTH-Agency,YELLOW RECEIPT - SHN,N-16-10181,2,0.0,0.0,0.0,10.0,0.0,0.0,OCONEE,0.0,03/05/2024 03:30:00 PM,03/20/2024 11:43:06 AM,Price Code 1,TRACTOR TRAILER 1 MOBILE PANTRY,STOVE TOP STUFFING - TURKEY/CHICKEN/CORNBREAD,False,Food Bank of Northeast Georgia,01,,
163,172699,690,O-102,Oconee County Senior Center,476330,,ON PREMISES (OP),SENIOR-Agency,BLUE RECEIPT-SHL,W-03-10013,47,0.0,0.0,0.0,47.0,90.71,-90.71,OCONEE,0.0,01/08/2024 01:38:00 PM,01/08/2024 09:19:28 AM,Price Code 1,CUSTOMER PICKUP,"ASSORTED BEVERAGES, SHL",False,Sharing Floor Athens,01-SH,30622.0,Bogart
768,172923,1047,L-110,Living Word Baptist Church,476554,,FP/USDA,MOBILE PANTRY-Agency,USDA,N-50-10041,13,0.0,0.0,0.0,637.0,1229.41,-1229.41,OCONEE,0.0,01/16/2024 03:00:00 PM,01/16/2024 01:18:59 PM,Price Code 1,TRUCK 1 MOBILE PANTRY,USDA RICE,False,Food Bank of Northeast Georgia,01,30622.0,Bogart
643,175855,170,G-131,"Grace Fellowship Church, INC",478483,,FP/USDA,MOBILE PANTRY-Agency,USDA,N-50-10007,13,0.0,0.0,0.0,364.0,702.52,-702.52,OCONEE,0.0,02/22/2024 03:00:00 PM,02/23/2024 07:08:43 AM,Price Code 1,TRUCK 1 MOBILE PANTRY,"USDA CORN, WHOLE KERNEL NO SALT",False,Food Bank of Northeast Georgia,01,30622.0,Bogart
1019,173488,5772,F2KOconee County,F2K Oconee County,477117,,FOOD PANTRY,AT-RISK YOUTH-Agency,LOCAL - LL,C-28-10000,1610,0.0,0.0,0.0,1610.0,3107.3,-3107.3,OCONEE,0.0,01/23/2024 02:15:00 PM,02/20/2024 01:41:20 PM,Price Code 1,TRACTOR TRAILER 2 MOBILE PANTRY,"PRODUCE, FRESH LL",False,Food Bank of Northeast Georgia,01,,
768,178864,4327,L-110,Living Word Baptist Church,481478,,FP/USDA,MOBILE PANTRY-Agency,USDA,N-50-10277,8,0.0,0.0,0.0,216.0,416.88,-416.88,OCONEE,0.0,04/16/2024 02:00:00 PM,04/17/2024 11:06:40 AM,Price Code 1,TRUCK 1 MOBILE PANTRY,USDA GARBANZO BEANS,False,Food Bank of Northeast Georgia,01,30622.0,Bogart
1019,173541,8851,F2KOconee County,F2K Oconee County,477170,,FOOD PANTRY,AT-RISK YOUTH-Agency,PURCH,N-11-11071,1,0.0,0.0,0.0,6.0,0.0,0.0,OCONEE,0.0,02/06/2024 03:30:00 PM,02/22/2024 11:14:56 AM,Price Code 1,TRUCK 1 MOBILE PANTRY,"CHICKEN STUFFING, PREMIER PANTRY",False,Food Bank of Northeast Georgia,01,,
163,173662,92,O-102,Oconee County Senior Center,477291,,ON PREMISES (OP),SENIOR-Agency,LOCAL - LL,W-01-10002,14,0.0,0.0,0.0,14.0,26.88,-26.88,OCONEE,0.0,01/26/2024 01:38:00 PM,01/26/2024 09:19:08 AM,Price Code 1,CUSTOMER PICKUP,"ASSORTED NON-FOOD ITEMS, LL",False,Sharing Floor Athens,01-SH,30622.0,Bogart
768,177449,8940,L-110,Living Word Baptist Church,480069,,FP/USDA,MOBILE PANTRY-Agency,BLUE RECEIPT-SHL,C-28-90531,33,0.0,0.0,0.0,1716.0,3311.88,-3311.88,OCONEE,0.0,03/19/2024 02:00:00 PM,03/19/2024 02:29:56 PM,Price Code 1,TRUCK 1 MOBILE PANTRY,"CABBAGE, SHL 50#",False,Food Bank of Northeast Georgia,01,30622.0,Bogart
768,178864,3139,L-110,Living Word Baptist Church,481478,,FP/USDA,MOBILE PANTRY-Agency,USDA,N-50-10290,16,0.0,0.0,0.0,400.0,772.0,-772.0,OCONEE,0.0,04/16/2024 02:00:00 PM,04/17/2024 11:06:40 AM,Price Code 1,TRUCK 1 MOBILE PANTRY,USDA WHOLE ALMONDS DRY ROASTED,False,Food Bank of Northeast Georgia,01,30622.0,Bogart
768,180928,3712,L-110,Living Word Baptist Church,483534,,FP/USDA,MOBILE PANTRY-Agency,USDA,N-50-10266,10,0.0,0.0,0.0,270.0,521.1,-521.1,OCONEE,0.0,05/21/2024 02:00:00 PM,05/22/2024 07:07:27 AM,Price Code 1,TRUCK 1 MOBILE PANTRY,USDA CANNED PINTO BEANS,False,Food Bank of Northeast Georgia,01,30622.0,Bogart
643,175855,6736,G-131,"Grace Fellowship Church, INC",478483,,FP/USDA,MOBILE PANTRY-Agency,LOCAL - LL,C-28-90456,1000,0.0,0.0,0.0,1000.0,1930.0,-1930.0,OCONEE,0.0,02/22/2024 03:00:00 PM,02/23/2024 07:08:43 AM,Price Code 1,TRUCK 1 MOBILE PANTRY,APPLES,False,Food Bank of Northeast Georgia,01,30622.0,Bogart
163,173662,696,O-102,Oconee County Senior Center,477291,,ON PREMISES (OP),SENIOR-Agency,LOCAL - LL,W-25-10000,54,0.0,0.0,9.72,54.0,104.22,-94.5,OCONEE,0.18,01/26/2024 01:38:00 PM,01/26/2024 09:19:08 AM,Price Code 1,CUSTOMER PICKUP,"ASSORTED SNACK ITEMS, LL",False,Sharing Floor Athens,01-SH,30622.0,Bogart
768,180928,8714,L-110,Living Word Baptist Church,483534,,FP/USDA,MOBILE PANTRY-Agency,USDA,N-50-10303,20,0.0,0.0,0.0,480.0,926.4,-926.4,OCONEE,0.0,05/21/2024 02:00:00 PM,05/22/2024 07:07:27 AM,Price Code 1,TRUCK 1 MOBILE PANTRY,USDA GREEN SPLIT PEAS,False,Food Bank of Northeast Georgia,01,30622.0,Bogart
1019,176416,8587,F2KOconee County,F2K Oconee County,479040,,FOOD PANTRY,AT-RISK YOUTH-Agency,BLUE RECEIPT-SHL,N-03-10269,5,0.0,0.0,0.0,140.0,270.2,-270.2,OCONEE,0.0,03/05/2024 03:30:00 PM,03/20/2024 11:43:06 AM,Price Code 1,TRACTOR TRAILER 1 MOBILE PANTRY,PEPSI ZERO SUGAR,False,Food Bank of Northeast Georgia,01,,
643,182518,7083,G-131,"Grace Fellowship Church, INC",485121,,FP/USDA,MOBILE PANTRY-Agency,USDA,C-50-10029,62,0.0,0.0,0.0,744.0,1435.92,-1435.92,OCONEE,0.0,06/27/2024 03:00:00 PM,06/27/2024 04:34:22 PM,Price Code 1,TRUCK 1 MOBILE PANTRY,"USDA MILD CHEDDAR CHEESE, BLOCK CCC",False,Food Bank of Northeast Georgia,01,30622.0,Bogart
643,179440,3139,G-131,"Grace Fellowship Church, INC",482053,,FP/USDA,MOBILE PANTRY-Agency,USDA,N-50-10290,25,0.0,0.0,0.0,625.0,1206.25,-1206.25,OCONEE,0.0,04/25/2024 03:00:00 PM,04/25/2024 01:44:07 PM,Price Code 1,TRUCK 1 MOBILE PANTRY,USDA WHOLE ALMONDS DRY ROASTED,False,Food Bank of Northeast Georgia,01,30622.0,Bogart
768,178864,7083,L-110,Living Word Baptist Church,481478,,FP/USDA,MOBILE PANTRY-Agency,USDA,C-50-10029,143,0.0,0.0,0.0,1716.0,3311.88,-3311.88,OCONEE,0.0,04/16/2024 02:00:00 PM,04/17/2024 11:06:40 AM,Price Code 1,TRUCK 1 MOBILE PANTRY,"USDA MILD CHEDDAR CHEESE, BLOCK CCC",False,Food Bank of Northeast Georgia,01,30622.0,Bogart
768,175500,8903,L-110,Living Word Baptist Church,478129,,FP/USDA,MOBILE PANTRY-Agency,YELLOW RECEIPT - SHN,N-16-10181,16,0.0,0.0,0.0,80.0,0.0,0.0,OCONEE,0.0,02/20/2024 02:00:00 PM,02/23/2024 07:08:33 AM,Price Code 1,TRUCK 1 MOBILE PANTRY,STOVE TOP STUFFING - TURKEY/CHICKEN/CORNBREAD,False,Food Bank of Northeast Georgia,01,30622.0,Bogart
768,177449,8720,L-110,Living Word Baptist Church,480069,,FP/USDA,MOBILE PANTRY-Agency,USDA,N-50-10305,25,0.0,0.0,0.0,350.0,675.5,-675.5,OCONEE,0.0,03/19/2024 02:00:00 PM,03/19/2024 02:29:56 PM,Price Code 1,TRUCK 1 MOBILE PANTRY,USDA MIXED VEGETABLES CCC,False,Food Bank of Northeast Georgia,01,30622.0,Bogart
1019,172554,8682,F2KOconee County,F2K Oconee County,476185,,FOOD PANTRY,AT-RISK YOUTH-Agency,BLUE RECEIPT-SHL,N-03-11727,3,0.0,0.0,0.0,84.0,162.12,-162.12,OCONEE,0.0,01/09/2024 04:00:00 PM,01/11/2024 08:47:16 AM,Price Code 1,TRUCK 2 MOBILE PANTRY,LIPTON DIET GREEN TEA CITRUS,False,Food Bank of Northeast Georgia,01,,
1019,176416,8873,F2KOconee County,F2K Oconee County,479040,,FOOD PANTRY,AT-RISK YOUTH-Agency,YELLOW RECEIPT - SHN,F-10-10001,5,0.0,0.0,0.0,15.0,0.0,0.0,OCONEE,0.0,03/05/2024 03:30:00 PM,03/20/2024 11:43:06 AM,Price Code 1,TRACTOR TRAILER 1 MOBILE PANTRY,OUTSHINE STRAWBERRY BANANA SMOOTHIE CUBES,False,Food Bank of Northeast Georgia,01,,
163,176095,690,O-102,Oconee County Senior Center,478722,,ON PREMISES (OP),SENIOR-Agency,BLUE RECEIPT-SHL,W-03-10013,79,0.0,0.0,0.0,79.0,152.47,-152.47,OCONEE,0.0,02/23/2024 01:38:00 PM,02/23/2024 11:23:48 AM,Price Code 1,CUSTOMER PICKUP,"ASSORTED BEVERAGES, SHL",False,Sharing Floor Athens,01-SH,30622.0,Bogart
768,178864,8497,L-110,Living Word Baptist Church,481478,,FP/USDA,MOBILE PANTRY-Agency,USDA,C-50-10048,50,0.0,0.0,0.0,1600.0,3088.0,-3088.0,OCONEE,0.0,04/16/2024 02:00:00 PM,04/17/2024 11:06:40 AM,Price Code 1,TRUCK 1 MOBILE PANTRY,USDA MANDARIN ORANGES,False,Food Bank of Northeast Georgia,01,30622.0,Bogart
643,175855,875,G-131,"Grace Fellowship Church, INC",478483,,FP/USDA,MOBILE PANTRY-Agency,BLUE RECEIPT-SHL,W-04-10000,266,0.0,0.0,0.0,266.0,513.38,-513.38,OCONEE,0.0,02/22/2024 03:00:00 PM,02/23/2024 07:08:43 AM,Price Code 1,TRUCK 1 MOBILE PANTRY,"BREAD & BAKERY, ASSORTED SHL",False,Food Bank of Northeast Georgia,01,30622.0,Bogart
643,181193,8783,G-131,"Grace Fellowship Church, INC",483798,,FP/USDA,MOBILE PANTRY-Agency,USDA,N-50-10308,25,0.0,0.0,0.0,575.0,1109.75,-1109.75,OCONEE,0.0,05/23/2024 02:24:00 PM,05/28/2024 07:55:03 AM,Price Code 1,TRUCK 1 MOBILE PANTRY,USDA RAISINS,False,Food Bank of Northeast Georgia,01,30622.0,Bogart
643,181193,9073,G-131,"Grace Fellowship Church, INC",483798,,FP/USDA,MOBILE PANTRY-Agency,USDA,C-50-10051,120,0.0,0.0,0.0,1440.0,2779.2,-2779.2,OCONEE,0.0,05/23/2024 02:24:00 PM,05/28/2024 07:55:03 AM,Price Code 1,TRUCK 1 MOBILE PANTRY,USDA SHREDDED MOZZARELLA CHEESE CCC,False,Food Bank of Northeast Georgia,01,30622.0,Bogart
1019,173541,8942,F2KOconee County,F2K Oconee County,477170,,FOOD PANTRY,AT-RISK YOUTH-Agency,BLUE RECEIPT-SHL,C-28-90533,4,0.0,0.0,0.0,168.0,324.24,-324.24,OCONEE,0.0,02/06/2024 03:30:00 PM,02/22/2024 11:14:56 AM,Price Code 1,TRUCK 1 MOBILE PANTRY,"ORANGES, SHL",False,Food Bank of Northeast Georgia,01,,
1019,173541,8941,F2KOconee County,F2K Oconee County,477170,,FOOD PANTRY,AT-RISK YOUTH-Agency,BLUE RECEIPT-SHL,C-28-90532,2,0.0,0.0,0.0,124.0,239.32,-239.32,OCONEE,0.0,02/06/2024 03:30:00 PM,02/22/2024 11:14:56 AM,Price Code 1,TRUCK 1 MOBILE PANTRY,"CELERY, 24-36 CT",False,Food Bank of Northeast Georgia,01,,
1019,173541,8929,F2KOconee County,F2K Oconee County,477170,,FOOD PANTRY,AT-RISK YOUTH-Agency,BLUE RECEIPT-SHL,N-03-11804,4,0.0,0.0,0.0,72.0,138.96,-138.96,OCONEE,0.0,02/06/2024 03:30:00 PM,02/22/2024 11:14:56 AM,Price Code 1,TRUCK 1 MOBILE PANTRY,GATORADE GRAPE LOWER SUGAR,False,Food Bank of Northeast Georgia,01,,
643,179440,8714,G-131,"Grace Fellowship Church, INC",482053,,FP/USDA,MOBILE PANTRY-Agency,USDA,N-50-10303,25,0.0,0.0,0.0,600.0,1158.0,-1158.0,OCONEE,0.0,04/25/2024 03:00:00 PM,04/25/2024 01:44:07 PM,Price Code 1,TRUCK 1 MOBILE PANTRY,USDA GREEN SPLIT PEAS,False,Food Bank of Northeast Georgia,01,30622.0,Bogart
768,175500,8914,L-110,Living Word Baptist Church,478129,,FP/USDA,MOBILE PANTRY-Agency,USDA,N-50-10310,8,0.0,0.0,0.0,216.0,416.88,-416.88,OCONEE,0.0,02/20/2024 02:00:00 PM,02/23/2024 07:08:33 AM,Price Code 1,TRUCK 1 MOBILE PANTRY,USDA DICED POTATOES,False,Food Bank of Northeast Georgia,01,30622.0,Bogart
643,179440,8997,G-131,"Grace Fellowship Church, INC",482053,,FP/USDA,MOBILE PANTRY-Agency,USDA,N-50-10312,25,0.0,0.0,0.0,300.0,579.0,-579.0,OCONEE,0.0,04/25/2024 03:00:00 PM,04/25/2024 01:44:07 PM,Price Code 1,TRUCK 1 MOBILE PANTRY,USDA CHILI W/ BEANS CCC,False,Food Bank of Northeast Georgia,01,30622.0,Bogart
643,175855,8914,G-131,"Grace Fellowship Church, INC",478483,,FP/USDA,MOBILE PANTRY-Agency,USDA,N-50-10310,13,0.0,0.0,0.0,351.0,677.43,-677.43,OCONEE,0.0,02/22/2024 03:00:00 PM,02/23/2024 07:08:43 AM,Price Code 1,TRUCK 1 MOBILE PANTRY,USDA DICED POTATOES,False,Food Bank of Northeast Georgia,01,30622.0,Bogart
1019,172554,8882,F2KOconee County,F2K Oconee County,476185,,FOOD PANTRY,AT-RISK YOUTH-Agency,BLUE RECEIPT-SHL,F-15-90548,5,0.0,0.0,0.0,45.0,86.85,-86.85,OCONEE,0.0,01/09/2024 04:00:00 PM,01/11/2024 08:47:16 AM,Price Code 1,TRUCK 2 MOBILE PANTRY,"GROUND TURKEY BREAST, KIRKWOOD",False,Food Bank of Northeast Georgia,01,,
768,175500,3139,L-110,Living Word Baptist Church,478129,,FP/USDA,MOBILE PANTRY-Agency,USDA,N-50-10290,8,0.0,0.0,0.0,200.0,386.0,-386.0,OCONEE,0.0,02/20/2024 02:00:00 PM,02/23/2024 07:08:33 AM,Price Code 1,TRUCK 1 MOBILE PANTRY,USDA WHOLE ALMONDS DRY ROASTED,False,Food Bank of Northeast Georgia,01,30622.0,Bogart
1019,182615,5407,F2KOconee County,F2K Oconee County,485218,,FOOD PANTRY,AT-RISK YOUTH-Agency,BLUE RECEIPT-SHL,F-15-10000,28,0.0,0.0,0.0,28.0,54.04,-54.04,OCONEE,0.0,06/28/2024 08:29:00 AM,07/22/2024 02:34:17 PM,Price Code 1,CUSTOMER PICKUP,"MEAT & SEAFOOD, FROZEN SHL",False,Food Bank of Northeast Georgia,01,,
768,177449,6901,L-110,Living Word Baptist Church,480069,,FP/USDA,MOBILE PANTRY-Agency,BLUE RECEIPT-SHL,C-28-90372,457,0.0,0.0,0.0,457.0,882.01,-882.01,OCONEE,0.0,03/19/2024 02:00:00 PM,03/19/2024 02:29:56 PM,Price Code 1,TRUCK 1 MOBILE PANTRY,COLLARD GREENS,False,Food Bank of Northeast Georgia,01,30622.0,Bogart
768,178864,8783,L-110,Living Word Baptist Church,481478,,FP/USDA,MOBILE PANTRY-Agency,USDA,N-50-10308,8,0.0,0.0,0.0,184.0,355.12,-355.12,OCONEE,0.0,04/16/2024 02:00:00 PM,04/17/2024 11:06:40 AM,Price Code 1,TRUCK 1 MOBILE PANTRY,USDA RAISINS,False,Food Bank of Northeast Georgia,01,30622.0,Bogart
1019,173541,8869,F2KOconee County,F2K Oconee County,477170,,FOOD PANTRY,AT-RISK YOUTH-Agency,YELLOW RECEIPT - SHN,N-20-10004,2,0.0,0.0,0.0,6.0,0.0,0.0,OCONEE,0.0,02/06/2024 03:30:00 PM,02/22/2024 11:14:56 AM,Price Code 1,TRUCK 1 MOBILE PANTRY,PAMPERS PREEMIE SWADDLERS,False,Food Bank of Northeast Georgia,01,,
1019,178033,5388,F2KOconee County,F2K Oconee County,480652,,FOOD PANTRY,AT-RISK YOUTH-Agency,BLUE RECEIPT-SHL,F-16-10001,623,0.0,0.0,0.0,623.0,1202.39,-1202.39,OCONEE,0.0,04/02/2024 03:00:00 PM,04/11/2024 01:05:01 PM,Price Code 1,CUSTOMER PICKUP,"ASSORTED FROZEN FOODS, SHL",False,Food Bank of Northeast Georgia,01,,
1019,173541,6420,F2KOconee County,F2K Oconee County,477170,,FOOD PANTRY,AT-RISK YOUTH-Agency,BLUE RECEIPT-SHL,C-28-90141,1,0.0,0.0,0.0,50.0,96.5,-96.5,OCONEE,0.0,02/06/2024 03:30:00 PM,02/22/2024 11:14:56 AM,Price Code 1,TRUCK 1 MOBILE PANTRY,ONIONS,False,Food Bank of Northeast Georgia,01,,
1019,172554,8878,F2KOconee County,F2K Oconee County,476185,,FOOD PANTRY,AT-RISK YOUTH-Agency,YELLOW RECEIPT - SHN,N-03-11783,6,0.0,0.0,0.0,78.0,0.0,0.0,OCONEE,0.0,01/09/2024 04:00:00 PM,01/11/2024 08:47:16 AM,Price Code 1,TRUCK 2 MOBILE PANTRY,GATORADE FIT CITRUS BERRY,False,Food Bank of Northeast Georgia,01,,
768,178864,8997,L-110,Living Word Baptist Church,481478,,FP/USDA,MOBILE PANTRY-Agency,USDA,N-50-10312,16,0.0,0.0,0.0,192.0,370.56,-370.56,OCONEE,0.0,04/16/2024 02:00:00 PM,04/17/2024 11:06:40 AM,Price Code 1,TRUCK 1 MOBILE PANTRY,USDA CHILI W/ BEANS CCC,False,Food Bank of Northeast Georgia,01,30622.0,Bogart
768,180928,4327,L-110,Living Word Baptist Church,483534,,FP/USDA,MOBILE PANTRY-Agency,USDA,N-50-10277,10,0.0,0.0,0.0,270.0,521.1,-521.1,OCONEE,0.0,05/21/2024 02:00:00 PM,05/22/2024 07:07:27 AM,Price Code 1,TRUCK 1 MOBILE PANTRY,USDA GARBANZO BEANS,False,Food Bank of Northeast Georgia,01,30622.0,Bogart
643,175855,6983,G-131,"Grace Fellowship Church, INC",478483,,FP/USDA,MOBILE PANTRY-Agency,LOCAL - LL,C-28-90426,40,0.0,0.0,0.0,1600.0,3088.0,-3088.0,OCONEE,0.0,02/22/2024 03:00:00 PM,02/23/2024 07:08:43 AM,Price Code 1,TRUCK 1 MOBILE PANTRY,SWEET POTATOES,False,Food Bank of Northeast Georgia,01,30622.0,Bogart
643,182518,4269,G-131,"Grace Fellowship Church, INC",485121,,FP/USDA,MOBILE PANTRY-Agency,USDA,N-50-10273,25,0.0,0.0,0.0,600.0,1158.0,-1158.0,OCONEE,0.0,06/27/2024 03:00:00 PM,06/27/2024 04:34:22 PM,Price Code 1,TRUCK 1 MOBILE PANTRY,USDA DRY NAVY BEANS CCC,False,Food Bank of Northeast Georgia,01,30622.0,Bogart
768,178864,1521,L-110,Living Word Baptist Church,481478,,FP/USDA,MOBILE PANTRY-Agency,USDA,N-50-10104,16,0.0,0.0,0.0,400.0,772.0,-772.0,OCONEE,0.0,04/16/2024 02:00:00 PM,04/17/2024 11:06:40 AM,Price Code 1,TRUCK 1 MOBILE PANTRY,USDA LENTIL BEANS,False,Food Bank of Northeast Georgia,01,30622.0,Bogart
768,182205,4327,L-110,Living Word Baptist Church,484809,,FP/USDA,MOBILE PANTRY-Agency,USDA,N-50-10277,13,0.0,0.0,0.0,351.0,677.43,-677.43,OCONEE,0.0,06/18/2024 02:00:00 PM,06/18/2024 01:35:29 PM,Price Code 1,TRUCK 1 MOBILE PANTRY,USDA GARBANZO BEANS,False,Food Bank of Northeast Georgia,01,30622.0,Bogart
643,173391,7082,G-131,"Grace Fellowship Church, INC",477020,,FP/USDA,MOBILE PANTRY-Agency,USDA,C-50-10033,70,0.0,0.0,0.0,840.0,1621.2,-1621.2,OCONEE,0.0,01/25/2024 03:00:00 PM,01/25/2024 02:29:06 PM,Price Code 1,TRUCK 1 MOBILE PANTRY,USDA SHREDDED YELLOW CHEDDAR CHEESE CCC,False,Food Bank of Northeast Georgia,01,30622.0,Bogart
768,175500,4327,L-110,Living Word Baptist Church,478129,,FP/USDA,MOBILE PANTRY-Agency,USDA,N-50-10277,8,0.0,0.0,0.0,216.0,416.88,-416.88,OCONEE,0.0,02/20/2024 02:00:00 PM,02/23/2024 07:08:33 AM,Price Code 1,TRUCK 1 MOBILE PANTRY,USDA GARBANZO BEANS,False,Food Bank of Northeast Georgia,01,30622.0,Bogart
768,180928,1047,L-110,Living Word Baptist Church,483534,,FP/USDA,MOBILE PANTRY-Agency,USDA,N-50-10041,20,0.0,0.0,0.0,980.0,1891.4,-1891.4,OCONEE,0.0,05/21/2024 02:00:00 PM,05/22/2024 07:07:27 AM,Price Code 1,TRUCK 1 MOBILE PANTRY,USDA RICE,False,Food Bank of Northeast Georgia,01,30622.0,Bogart
768,178864,8939,L-110,Living Word Baptist Church,481478,,FP/USDA,MOBILE PANTRY-Agency,BLUE RECEIPT-SHL,C-28-90530,32,0.0,0.0,0.0,1344.0,2593.92,-2593.92,OCONEE,0.0,04/16/2024 02:00:00 PM,04/17/2024 11:06:40 AM,Price Code 1,TRUCK 1 MOBILE PANTRY,"APPLES, SHL",False,Food Bank of Northeast Georgia,01,30622.0,Bogart
643,182518,6936,G-131,"Grace Fellowship Church, INC",485121,,FP/USDA,MOBILE PANTRY-Agency,BLUE RECEIPT-SHL,C-28-90388,33,0.0,0.0,0.0,990.0,1910.7,-1910.7,OCONEE,0.0,06/27/2024 03:00:00 PM,06/27/2024 04:34:22 PM,Price Code 1,TRUCK 1 MOBILE PANTRY,PEACHES,False,Food Bank of Northeast Georgia,01,30622.0,Bogart
643,181193,1791,G-131,"Grace Fellowship Church, INC",483798,,FP/USDA,MOBILE PANTRY-Agency,USDA,N-50-10079,13,0.0,0.0,0.0,338.0,652.34,-652.34,OCONEE,0.0,05/23/2024 02:24:00 PM,05/28/2024 07:55:03 AM,Price Code 1,TRUCK 1 MOBILE PANTRY,USDA WALNUT HALVES AND PIECES,False,Food Bank of Northeast Georgia,01,30622.0,Bogart
768,178864,8940,L-110,Living Word Baptist Church,481478,,FP/USDA,MOBILE PANTRY-Agency,BLUE RECEIPT-SHL,C-28-90531,35,0.0,0.0,0.0,1820.0,3512.6,-3512.6,OCONEE,0.0,04/16/2024 02:00:00 PM,04/17/2024 11:06:40 AM,Price Code 1,TRUCK 1 MOBILE PANTRY,"CABBAGE, SHL 50#",False,Food Bank of Northeast Georgia,01,30622.0,Bogart
768,177449,1047,L-110,Living Word Baptist Church,480069,,FP/USDA,MOBILE PANTRY-Agency,USDA,N-50-10041,25,0.0,0.0,0.0,1225.0,2364.25,-2364.25,OCONEE,0.0,03/19/2024 02:00:00 PM,03/19/2024 02:29:56 PM,Price Code 1,TRUCK 1 MOBILE PANTRY,USDA RICE,False,Food Bank of Northeast Georgia,01,30622.0,Bogart
643,177729,842,G-131,"Grace Fellowship Church, INC",480348,,FP/USDA,MOBILE PANTRY-Agency,USDA,N-50-10021,13,0.0,0.0,0.0,351.0,677.43,-677.43,OCONEE,0.0,03/28/2024 03:00:00 PM,03/28/2024 02:25:26 PM,Price Code 1,TRUCK 1 MOBILE PANTRY,USDA DICED TOMATOES NO SALT CCC,False,Food Bank of Northeast Georgia,01,30622.0,Bogart
768,180928,1791,L-110,Living Word Baptist Church,483534,,FP/USDA,MOBILE PANTRY-Agency,USDA,N-50-10079,10,0.0,0.0,0.0,260.0,501.8,-501.8,OCONEE,0.0,05/21/2024 02:00:00 PM,05/22/2024 07:07:27 AM,Price Code 1,TRUCK 1 MOBILE PANTRY,USDA WALNUT HALVES AND PIECES,False,Food Bank of Northeast Georgia,01,30622.0,Bogart
1019,176416,8957,F2KOconee County,F2K Oconee County,479040,,FOOD PANTRY,AT-RISK YOUTH-Agency,YELLOW RECEIPT - SHN,N-25-11956,10,0.0,0.0,0.0,40.0,0.0,0.0,OCONEE,0.0,03/05/2024 03:30:00 PM,03/20/2024 11:43:06 AM,Price Code 1,TRACTOR TRAILER 1 MOBILE PANTRY,HONEYMAID GRAHAM CRACKERS,False,Food Bank of Northeast Georgia,01,,
643,181193,3203,G-131,"Grace Fellowship Church, INC",483798,,FP/USDA,MOBILE PANTRY-Agency,USDA,N-50-10289,13,0.0,0.0,0.0,325.0,627.25,-627.25,OCONEE,0.0,05/23/2024 02:24:00 PM,05/28/2024 07:55:03 AM,Price Code 1,TRUCK 1 MOBILE PANTRY,USDA PECAN PIECES,False,Food Bank of Northeast Georgia,01,30622.0,Bogart
643,182518,3203,G-131,"Grace Fellowship Church, INC",485121,,FP/USDA,MOBILE PANTRY-Agency,USDA,N-50-10289,13,0.0,0.0,0.0,325.0,627.25,-627.25,OCONEE,0.0,06/27/2024 03:00:00 PM,06/27/2024 04:34:22 PM,Price Code 1,TRUCK 1 MOBILE PANTRY,USDA PECAN PIECES,False,Food Bank of Northeast Georgia,01,30622.0,Bogart
643,179440,9013,G-131,"Grace Fellowship Church, INC",482053,,FP/USDA,MOBILE PANTRY-Agency,USDA,N-50-10313,13,0.0,0.0,0.0,312.0,602.16,-602.16,OCONEE,0.0,04/25/2024 03:00:00 PM,04/25/2024 01:44:07 PM,Price Code 1,TRUCK 1 MOBILE PANTRY,USDA LIGHT RED KIDNEY BEANS 24/1LB,False,Food Bank of Northeast Georgia,01,30622.0,Bogart
643,177729,1521,G-131,"Grace Fellowship Church, INC",480348,,FP/USDA,MOBILE PANTRY-Agency,USDA,N-50-10104,25,0.0,0.0,0.0,625.0,1206.25,-1206.25,OCONEE,0.0,03/28/2024 03:00:00 PM,03/28/2024 02:25:26 PM,Price Code 1,TRUCK 1 MOBILE PANTRY,USDA LENTIL BEANS,False,Food Bank of Northeast Georgia,01,30622.0,Bogart
1019,178033,5681,F2KOconee County,F2K Oconee County,480652,,FOOD PANTRY,AT-RISK YOUTH-Agency,LOCAL - LL,C-16-10000,508,0.0,0.0,0.0,508.0,980.44,-980.44,OCONEE,0.0,04/02/2024 03:00:00 PM,04/11/2024 01:05:01 PM,Price Code 1,CUSTOMER PICKUP,"COOLER FOOD, MISC. LL",False,Food Bank of Northeast Georgia,01,,
643,175855,8672,G-131,"Grace Fellowship Church, INC",478483,,FP/USDA,MOBILE PANTRY-Agency,USDA,N-50-10301,25,0.0,0.0,0.0,600.0,1158.0,-1158.0,OCONEE,0.0,02/22/2024 03:00:00 PM,02/23/2024 07:08:43 AM,Price Code 1,TRUCK 1 MOBILE PANTRY,USDA YELLOW SPLIT PEAS,False,Food Bank of Northeast Georgia,01,30622.0,Bogart
768,177449,1521,L-110,Living Word Baptist Church,480069,,FP/USDA,MOBILE PANTRY-Agency,USDA,N-50-10104,25,0.0,0.0,0.0,625.0,1206.25,-1206.25,OCONEE,0.0,03/19/2024 02:00:00 PM,03/19/2024 02:29:56 PM,Price Code 1,TRUCK 1 MOBILE PANTRY,USDA LENTIL BEANS,False,Food Bank of Northeast Georgia,01,30622.0,Bogart
643,181193,8714,G-131,"Grace Fellowship Church, INC",483798,,FP/USDA,MOBILE PANTRY-Agency,USDA,N-50-10303,25,0.0,0.0,0.0,600.0,1158.0,-1158.0,OCONEE,0.0,05/23/2024 02:24:00 PM,05/28/2024 07:55:03 AM,Price Code 1,TRUCK 1 MOBILE PANTRY,USDA GREEN SPLIT PEAS,False,Food Bank of Northeast Georgia,01,30622.0,Bogart
643,181193,6780,G-131,"Grace Fellowship Church, INC",483798,,FP/USDA,MOBILE PANTRY-Agency,USDA,C-50-10024,42,0.0,0.0,0.0,1806.0,3485.58,-3485.58,OCONEE,0.0,05/23/2024 02:24:00 PM,05/28/2024 07:55:03 AM,Price Code 1,TRUCK 1 MOBILE PANTRY,USDA APPLES,False,Food Bank of Northeast Georgia,01,30622.0,Bogart
1019,173541,8725,F2KOconee County,F2K Oconee County,477170,,FOOD PANTRY,AT-RISK YOUTH-Agency,YELLOW RECEIPT - SHN,N-16-10170,1,0.0,0.0,0.0,8.0,0.0,0.0,OCONEE,0.0,02/06/2024 03:30:00 PM,02/22/2024 11:14:56 AM,Price Code 1,TRUCK 1 MOBILE PANTRY,DUNCAN HINES COOKIE DOUGH FROSTING,False,Food Bank of Northeast Georgia,01,,
768,175500,2960,L-110,Living Word Baptist Church,478129,,FP/USDA,MOBILE PANTRY-Agency,USDA,N-50-10247,8,0.0,0.0,0.0,288.0,555.84,-555.84,OCONEE,0.0,02/20/2024 02:00:00 PM,02/23/2024 07:08:33 AM,Price Code 1,TRUCK 1 MOBILE PANTRY,USDA BEEF STEW POUCHES CCC,False,Food Bank of Northeast Georgia,01,30622.0,Bogart
643,179440,1521,G-131,"Grace Fellowship Church, INC",482053,,FP/USDA,MOBILE PANTRY-Agency,USDA,N-50-10104,25,0.0,0.0,0.0,625.0,1206.25,-1206.25,OCONEE,0.0,04/25/2024 03:00:00 PM,04/25/2024 01:44:07 PM,Price Code 1,TRUCK 1 MOBILE PANTRY,USDA LENTIL BEANS,False,Food Bank of Northeast Georgia,01,30622.0,Bogart
768,177449,6920,L-110,Living Word Baptist Church,480069,,FP/USDA,MOBILE PANTRY-Agency,LOCAL - LL,C-28-90389,13,0.0,0.0,0.0,650.0,1254.5,-1254.5,OCONEE,0.0,03/19/2024 02:00:00 PM,03/19/2024 02:29:56 PM,Price Code 1,TRUCK 1 MOBILE PANTRY,ONIONS 50 LB,False,Food Bank of Northeast Georgia,01,30622.0,Bogart
768,177449,8783,L-110,Living Word Baptist Church,480069,,FP/USDA,MOBILE PANTRY-Agency,USDA,N-50-10308,13,0.0,0.0,0.0,299.0,577.07,-577.07,OCONEE,0.0,03/19/2024 02:00:00 PM,03/19/2024 02:29:56 PM,Price Code 1,TRUCK 1 MOBILE PANTRY,USDA RAISINS,False,Food Bank of Northeast Georgia,01,30622.0,Bogart
768,177449,170,L-110,Living Word Baptist Church,480069,,FP/USDA,MOBILE PANTRY-Agency,USDA,N-50-10007,13,0.0,0.0,0.0,364.0,702.52,-702.52,OCONEE,0.0,03/19/2024 02:00:00 PM,03/19/2024 02:29:56 PM,Price Code 1,TRUCK 1 MOBILE PANTRY,"USDA CORN, WHOLE KERNEL NO SALT",False,Food Bank of Northeast Georgia,01,30622.0,Bogart
643,177729,4327,G-131,"Grace Fellowship Church, INC",480348,,FP/USDA,MOBILE PANTRY-Agency,USDA,N-50-10277,25,0.0,0.0,0.0,675.0,1302.75,-1302.75,OCONEE,0.0,03/28/2024 03:00:00 PM,03/28/2024 02:25:26 PM,Price Code 1,TRUCK 1 MOBILE PANTRY,USDA GARBANZO BEANS,False,Food Bank of Northeast Georgia,01,30622.0,Bogart
768,175500,84,L-110,Living Word Baptist Church,478129,,FP/USDA,MOBILE PANTRY-Agency,USDA,N-50-10006,8,0.0,0.0,0.0,216.0,416.88,-416.88,OCONEE,0.0,02/20/2024 02:00:00 PM,02/23/2024 07:08:33 AM,Price Code 1,TRUCK 1 MOBILE PANTRY,USDA GREEN BEANS,False,Food Bank of Northeast Georgia,01,30622.0,Bogart
1019,173488,2081,F2KOconee County,F2K Oconee County,477117,,FOOD PANTRY,AT-RISK YOUTH-Agency,BLUE RECEIPT-SHL,W-30-10002,395,0.0,0.0,0.0,395.0,762.35,-762.35,OCONEE,0.0,01/23/2024 02:15:00 PM,02/20/2024 01:41:20 PM,Price Code 1,TRACTOR TRAILER 2 MOBILE PANTRY,"UNSORTED SALVAGE, SHL",False,Food Bank of Northeast Georgia,01,,
643,179440,1674,G-131,"Grace Fellowship Church, INC",482053,,FP/USDA,MOBILE PANTRY-Agency,USDA,N-50-10073,13,0.0,0.0,0.0,351.0,677.43,-677.43,OCONEE,0.0,04/25/2024 03:00:00 PM,04/25/2024 01:44:07 PM,Price Code 1,TRUCK 1 MOBILE PANTRY,USDA TOMATO SAUCE,False,Food Bank of Northeast Georgia,01,30622.0,Bogart
643,175855,2960,G-131,"Grace Fellowship Church, INC",478483,,FP/USDA,MOBILE PANTRY-Agency,USDA,N-50-10247,13,0.0,0.0,0.0,468.0,903.24,-903.24,OCONEE,0.0,02/22/2024 03:00:00 PM,02/23/2024 07:08:43 AM,Price Code 1,TRUCK 1 MOBILE PANTRY,USDA BEEF STEW POUCHES CCC,False,Food Bank of Northeast Georgia,01,30622.0,Bogart
643,181193,8997,G-131,"Grace Fellowship Church, INC",483798,,FP/USDA,MOBILE PANTRY-Agency,USDA,N-50-10312,25,0.0,0.0,0.0,300.0,579.0,-579.0,OCONEE,0.0,05/23/2024 02:24:00 PM,05/28/2024 07:55:03 AM,Price Code 1,TRUCK 1 MOBILE PANTRY,USDA CHILI W/ BEANS CCC,False,Food Bank of Northeast Georgia,01,30622.0,Bogart
50,172785,92,C-111,Churches Homes Foundation,476416,,ON PREMISES (OP),YOUTH-Agency,LOCAL - LL,W-01-10002,31,0.0,0.0,5.58,31.0,59.52,-53.94,OCONEE,0.18,01/09/2024 12:16:00 PM,01/09/2024 09:15:31 AM,Price Code 1,CUSTOMER PICKUP,"ASSORTED NON-FOOD ITEMS, LL",False,Sharing Floor Athens,01-SH,30622.0,Bogart
768,182205,5388,L-110,Living Word Baptist Church,484809,,FP/USDA,MOBILE PANTRY-Agency,BLUE RECEIPT-SHL,F-16-10001,441,0.0,0.0,0.0,441.0,851.13,-851.13,OCONEE,0.0,06/18/2024 02:00:00 PM,06/18/2024 01:35:29 PM,Price Code 1,TRUCK 1 MOBILE PANTRY,"ASSORTED FROZEN FOODS, SHL",False,Food Bank of Northeast Georgia,01,30622.0,Bogart
1019,176416,8940,F2KOconee County,F2K Oconee County,479040,,FOOD PANTRY,AT-RISK YOUTH-Agency,BLUE RECEIPT-SHL,C-28-90531,2,0.0,0.0,0.0,104.0,200.72,-200.72,OCONEE,0.0,03/05/2024 03:30:00 PM,03/20/2024 11:43:06 AM,Price Code 1,TRACTOR TRAILER 1 MOBILE PANTRY,"CABBAGE, SHL 50#",False,Food Bank of Northeast Georgia,01,,
1019,173541,8903,F2KOconee County,F2K Oconee County,477170,,FOOD PANTRY,AT-RISK YOUTH-Agency,YELLOW RECEIPT - SHN,N-16-10181,1,0.0,0.0,0.0,5.0,0.0,0.0,OCONEE,0.0,02/06/2024 03:30:00 PM,02/22/2024 11:14:56 AM,Price Code 1,TRUCK 1 MOBILE PANTRY,STOVE TOP STUFFING - TURKEY/CHICKEN/CORNBREAD,False,Food Bank of Northeast Georgia,01,,
643,179440,842,G-131,"Grace Fellowship Church, INC",482053,,FP/USDA,MOBILE PANTRY-Agency,USDA,N-50-10021,13,0.0,0.0,0.0,351.0,677.43,-677.43,OCONEE,0.0,04/25/2024 03:00:00 PM,04/25/2024 01:44:07 PM,Price Code 1,TRUCK 1 MOBILE PANTRY,USDA DICED TOMATOES NO SALT CCC,False,Food Bank of Northeast Georgia,01,30622.0,Bogart
768,172923,8761,L-110,Living Word Baptist Church,476554,,FP/USDA,MOBILE PANTRY-Agency,USDA,N-50-10306,13,0.0,0.0,0.0,325.0,627.25,-627.25,OCONEE,0.0,01/16/2024 03:00:00 PM,01/16/2024 01:18:59 PM,Price Code 1,TRUCK 1 MOBILE PANTRY,USDA WHOLE DEGLET DATES,False,Food Bank of Northeast Georgia,01,30622.0,Bogart
1019,173488,690,F2KOconee County,F2K Oconee County,477117,,FOOD PANTRY,AT-RISK YOUTH-Agency,BLUE RECEIPT-SHL,W-03-10013,1307,0.0,0.0,0.0,1307.0,2522.51,-2522.51,OCONEE,0.0,01/23/2024 02:15:00 PM,02/20/2024 01:41:20 PM,Price Code 1,TRACTOR TRAILER 2 MOBILE PANTRY,"ASSORTED BEVERAGES, SHL",False,Food Bank of Northeast Georgia,01,,
768,175500,1047,L-110,Living Word Baptist Church,478129,,FP/USDA,MOBILE PANTRY-Agency,USDA,N-50-10041,8,0.0,0.0,0.0,392.0,756.56,-756.56,OCONEE,0.0,02/20/2024 02:00:00 PM,02/23/2024 07:08:33 AM,Price Code 1,TRUCK 1 MOBILE PANTRY,USDA RICE,False,Food Bank of Northeast Georgia,01,30622.0,Bogart
643,175855,1047,G-131,"Grace Fellowship Church, INC",478483,,FP/USDA,MOBILE PANTRY-Agency,USDA,N-50-10041,13,0.0,0.0,0.0,637.0,1229.41,-1229.41,OCONEE,0.0,02/22/2024 03:00:00 PM,02/23/2024 07:08:43 AM,Price Code 1,TRUCK 1 MOBILE PANTRY,USDA RICE,False,Food Bank of Northeast Georgia,01,30622.0,Bogart
1019,172554,8851,F2KOconee County,F2K Oconee County,476185,,FOOD PANTRY,AT-RISK YOUTH-Agency,PURCH,N-11-11071,1,0.0,0.0,0.0,6.0,0.0,0.0,OCONEE,0.0,01/09/2024 04:00:00 PM,01/11/2024 08:47:16 AM,Price Code 1,TRUCK 2 MOBILE PANTRY,"CHICKEN STUFFING, PREMIER PANTRY",False,Food Bank of Northeast Georgia,01,,
1019,172554,8891,F2KOconee County,F2K Oconee County,476185,,FOOD PANTRY,AT-RISK YOUTH-Agency,LFB,N-01-90133,10,0.0,0.0,0.0,100.0,193.0,-193.0,OCONEE,0.0,01/09/2024 04:00:00 PM,01/11/2024 08:47:16 AM,Price Code 1,TRUCK 2 MOBILE PANTRY,PULUPS 4T/5T,False,Food Bank of Northeast Georgia,01,,
1019,173541,8873,F2KOconee County,F2K Oconee County,477170,,FOOD PANTRY,AT-RISK YOUTH-Agency,YELLOW RECEIPT - SHN,F-10-10001,4,0.0,0.0,0.0,12.0,0.0,0.0,OCONEE,0.0,02/06/2024 03:30:00 PM,02/22/2024 11:14:56 AM,Price Code 1,TRUCK 1 MOBILE PANTRY,OUTSHINE STRAWBERRY BANANA SMOOTHIE CUBES,False,Food Bank of Northeast Georgia,01,,
768,175500,875,L-110,Living Word Baptist Church,478129,,FP/USDA,MOBILE PANTRY-Agency,BLUE RECEIPT-SHL,W-04-10000,449,0.0,0.0,0.0,449.0,866.57,-866.57,OCONEE,0.0,02/20/2024 02:00:00 PM,02/23/2024 07:08:33 AM,Price Code 1,TRUCK 1 MOBILE PANTRY,"BREAD & BAKERY, ASSORTED SHL",False,Food Bank of Northeast Georgia,01,30622.0,Bogart
643,173391,875,G-131,"Grace Fellowship Church, INC",477020,,FP/USDA,MOBILE PANTRY-Agency,BLUE RECEIPT-SHL,W-04-10000,361,0.0,0.0,0.0,361.0,696.73,-696.73,OCONEE,0.0,01/25/2024 03:00:00 PM,01/25/2024 02:29:06 PM,Price Code 1,TRUCK 1 MOBILE PANTRY,"BREAD & BAKERY, ASSORTED SHL",False,Food Bank of Northeast Georgia,01,30622.0,Bogart
768,182205,8714,L-110,Living Word Baptist Church,484809,,FP/USDA,MOBILE PANTRY-Agency,USDA,N-50-10303,25,0.0,0.0,0.0,600.0,1158.0,-1158.0,OCONEE,0.0,06/18/2024 02:00:00 PM,06/18/2024 01:35:29 PM,Price Code 1,TRUCK 1 MOBILE PANTRY,USDA GREEN SPLIT PEAS,False,Food Bank of Northeast Georgia,01,30622.0,Bogart
768,172923,8765,L-110,Living Word Baptist Church,476554,,FP/USDA,MOBILE PANTRY-Agency,USDA,N-50-10307,13,0.0,0.0,0.0,351.0,677.43,-677.43,OCONEE,0.0,01/16/2024 03:00:00 PM,01/16/2024 01:18:59 PM,Price Code 1,TRUCK 1 MOBILE PANTRY,"USDA LIGHT RED KIDNEY BEANS, LOW SODIUM",False,Food Bank of Northeast Georgia,01,30622.0,Bogart
768,178864,2414,L-110,Living Word Baptist Church,481478,,FP/USDA,MOBILE PANTRY-Agency,USDA,N-50-10244,8,0.0,0.0,0.0,288.0,555.84,-555.84,OCONEE,0.0,04/16/2024 02:00:00 PM,04/17/2024 11:06:40 AM,Price Code 1,TRUCK 1 MOBILE PANTRY,USDA CANNED BEEF CCC,False,Food Bank of Northeast Georgia,01,30622.0,Bogart
768,175500,8949,L-110,Living Word Baptist Church,478129,,FP/USDA,MOBILE PANTRY-Agency,LOCAL - LL,C-28-90536,41,0.0,0.0,0.0,2050.0,3956.5,-3956.5,OCONEE,0.0,02/20/2024 02:00:00 PM,02/23/2024 07:08:33 AM,Price Code 1,TRUCK 1 MOBILE PANTRY,"CARROTS, 50#",False,Food Bank of Northeast Georgia,01,30622.0,Bogart
768,178864,2202,L-110,Living Word Baptist Church,481478,,FP/USDA,MOBILE PANTRY-Agency,USDA,N-50-10240,10,0.0,0.0,0.0,220.0,424.6,-424.6,OCONEE,0.0,04/16/2024 02:00:00 PM,04/17/2024 11:06:40 AM,Price Code 1,TRUCK 1 MOBILE PANTRY,USDA SPAGHETTI,False,Food Bank of Northeast Georgia,01,30622.0,Bogart
1019,172554,8852,F2KOconee County,F2K Oconee County,476185,,FOOD PANTRY,AT-RISK YOUTH-Agency,PURCH,N-23-10010,3,0.0,0.0,0.0,39.0,0.0,0.0,OCONEE,0.0,01/09/2024 04:00:00 PM,01/11/2024 08:47:16 AM,Price Code 1,TRUCK 2 MOBILE PANTRY,NUT'N BETTER CREAMY PEANUT BUTTER - RED SUGAR & SODIUM,False,Food Bank of Northeast Georgia,01,,
768,180928,1674,L-110,Living Word Baptist Church,483534,,FP/USDA,MOBILE PANTRY-Agency,USDA,N-50-10073,10,0.0,0.0,0.0,270.0,521.1,-521.1,OCONEE,0.0,05/21/2024 02:00:00 PM,05/22/2024 07:07:27 AM,Price Code 1,TRUCK 1 MOBILE PANTRY,USDA TOMATO SAUCE,False,Food Bank of Northeast Georgia,01,30622.0,Bogart
643,182518,4327,G-131,"Grace Fellowship Church, INC",485121,,FP/USDA,MOBILE PANTRY-Agency,USDA,N-50-10277,13,0.0,0.0,0.0,351.0,677.43,-677.43,OCONEE,0.0,06/27/2024 03:00:00 PM,06/27/2024 04:34:22 PM,Price Code 1,TRUCK 1 MOBILE PANTRY,USDA GARBANZO BEANS,False,Food Bank of Northeast Georgia,01,30622.0,Bogart
643,179440,4448,G-131,"Grace Fellowship Church, INC",482053,,FP/USDA,MOBILE PANTRY-Agency,USDA,F-50-90446,46,0.0,0.0,0.0,1288.0,2485.84,-2485.84,OCONEE,0.0,04/25/2024 03:00:00 PM,04/25/2024 01:44:07 PM,Price Code 1,TRUCK 1 MOBILE PANTRY,USDA FROZEN STRAWBERRY FRUIT CUPS,False,Food Bank of Northeast Georgia,01,30622.0,Bogart
768,178864,1047,L-110,Living Word Baptist Church,481478,,FP/USDA,MOBILE PANTRY-Agency,USDA,N-50-10041,16,0.0,0.0,0.0,784.0,1513.12,-1513.12,OCONEE,0.0,04/16/2024 02:00:00 PM,04/17/2024 11:06:40 AM,Price Code 1,TRUCK 1 MOBILE PANTRY,USDA RICE,False,Food Bank of Northeast Georgia,01,30622.0,Bogart
643,181193,8991,G-131,"Grace Fellowship Church, INC",483798,,FP/USDA,MOBILE PANTRY-Agency,USDA,N-50-10311,13,0.0,0.0,0.0,312.0,602.16,-602.16,OCONEE,0.0,05/23/2024 02:24:00 PM,05/28/2024 07:55:03 AM,Price Code 1,TRUCK 1 MOBILE PANTRY,USDA HAZELNUTS CCC,False,Food Bank of Northeast Georgia,01,30622.0,Bogart
643,173391,8676,G-131,"Grace Fellowship Church, INC",477020,,FP/USDA,MOBILE PANTRY-Agency,LOCAL - LL,C-88-10000,2500,0.0,0.0,0.0,2500.0,4825.0,-4825.0,OCONEE,0.0,01/25/2024 03:00:00 PM,01/25/2024 02:29:06 PM,Price Code 1,TRUCK 1 MOBILE PANTRY,"LFPA PRODUCE, MISC",False,Food Bank of Northeast Georgia,01,30622.0,Bogart
768,182205,8783,L-110,Living Word Baptist Church,484809,,FP/USDA,MOBILE PANTRY-Agency,USDA,N-50-10308,13,0.0,0.0,0.0,299.0,577.07,-577.07,OCONEE,0.0,06/18/2024 02:00:00 PM,06/18/2024 01:35:29 PM,Price Code 1,TRUCK 1 MOBILE PANTRY,USDA RAISINS,False,Food Bank of Northeast Georgia,01,30622.0,Bogart
643,182518,9015,G-131,"Grace Fellowship Church, INC",485121,,FP/USDA,MOBILE PANTRY-Agency,USDA,N-50-10314,13,0.0,0.0,0.0,637.0,1229.41,-1229.41,OCONEE,0.0,06/27/2024 03:00:00 PM,06/27/2024 04:34:22 PM,Price Code 1,TRUCK 1 MOBILE PANTRY,USDA RICE CCC,False,Food Bank of Northeast Georgia,01,30622.0,Bogart
768,180928,8783,L-110,Living Word Baptist Church,483534,,FP/USDA,MOBILE PANTRY-Agency,USDA,N-50-10308,10,0.0,0.0,0.0,230.0,443.9,-443.9,OCONEE,0.0,05/21/2024 02:00:00 PM,05/22/2024 07:07:27 AM,Price Code 1,TRUCK 1 MOBILE PANTRY,USDA RAISINS,False,Food Bank of Northeast Georgia,01,30622.0,Bogart
643,173391,3139,G-131,"Grace Fellowship Church, INC",477020,,FP/USDA,MOBILE PANTRY-Agency,USDA,N-50-10290,25,0.0,0.0,0.0,625.0,1206.25,-1206.25,OCONEE,0.0,01/25/2024 03:00:00 PM,01/25/2024 02:29:06 PM,Price Code 1,TRUCK 1 MOBILE PANTRY,USDA WHOLE ALMONDS DRY ROASTED,False,Food Bank of Northeast Georgia,01,30622.0,Bogart
768,180928,6780,L-110,Living Word Baptist Church,483534,,FP/USDA,MOBILE PANTRY-Agency,USDA,C-50-10024,42,0.0,0.0,0.0,1806.0,3485.58,-3485.58,OCONEE,0.0,05/21/2024 02:00:00 PM,05/22/2024 07:07:27 AM,Price Code 1,TRUCK 1 MOBILE PANTRY,USDA APPLES,False,Food Bank of Northeast Georgia,01,30622.0,Bogart
768,180928,84,L-110,Living Word Baptist Church,483534,,FP/USDA,MOBILE PANTRY-Agency,USDA,N-50-10006,10,0.0,0.0,0.0,270.0,521.1,-521.1,OCONEE,0.0,05/21/2024 02:00:00 PM,05/22/2024 07:07:27 AM,Price Code 1,TRUCK 1 MOBILE PANTRY,USDA GREEN BEANS,False,Food Bank of Northeast Georgia,01,30622.0,Bogart
643,177729,1791,G-131,"Grace Fellowship Church, INC",480348,,FP/USDA,MOBILE PANTRY-Agency,USDA,N-50-10079,13,0.0,0.0,0.0,338.0,652.34,-652.34,OCONEE,0.0,03/28/2024 03:00:00 PM,03/28/2024 02:25:26 PM,Price Code 1,TRUCK 1 MOBILE PANTRY,USDA WALNUT HALVES AND PIECES,False,Food Bank of Northeast Georgia,01,30622.0,Bogart
768,175500,1791,L-110,Living Word Baptist Church,478129,,FP/USDA,MOBILE PANTRY-Agency,USDA,N-50-10079,8,0.0,0.0,0.0,208.0,401.44,-401.44,OCONEE,0.0,02/20/2024 02:00:00 PM,02/23/2024 07:08:33 AM,Price Code 1,TRUCK 1 MOBILE PANTRY,USDA WALNUT HALVES AND PIECES,False,Food Bank of Northeast Georgia,01,30622.0,Bogart
1019,178033,5938,F2KOconee County,F2K Oconee County,480652,,FOOD PANTRY,AT-RISK YOUTH-Agency,BLUE RECEIPT-SHL,C-28-10001,752,0.0,0.0,0.0,752.0,1451.36,-1451.36,OCONEE,0.0,04/02/2024 03:00:00 PM,04/11/2024 01:05:01 PM,Price Code 1,CUSTOMER PICKUP,"PRODUCE, FRESH SHL",False,Food Bank of Northeast Georgia,01,,
643,177729,170,G-131,"Grace Fellowship Church, INC",480348,,FP/USDA,MOBILE PANTRY-Agency,USDA,N-50-10007,13,0.0,0.0,0.0,364.0,702.52,-702.52,OCONEE,0.0,03/28/2024 03:00:00 PM,03/28/2024 02:25:26 PM,Price Code 1,TRUCK 1 MOBILE PANTRY,"USDA CORN, WHOLE KERNEL NO SALT",False,Food Bank of Northeast Georgia,01,30622.0,Bogart
643,179440,6780,G-131,"Grace Fellowship Church, INC",482053,,FP/USDA,MOBILE PANTRY-Agency,USDA,C-50-10024,42,0.0,0.0,0.0,1806.0,3485.58,-3485.58,OCONEE,0.0,04/25/2024 03:00:00 PM,04/25/2024 01:44:07 PM,Price Code 1,TRUCK 1 MOBILE PANTRY,USDA APPLES,False,Food Bank of Northeast Georgia,01,30622.0,Bogart
643,182518,9084,G-131,"Grace Fellowship Church, INC",485121,,FP/USDA,MOBILE PANTRY-Agency,USDA,N-50-10315,13,0.0,0.0,0.0,351.0,677.43,-677.43,OCONEE,0.0,06/27/2024 03:00:00 PM,06/27/2024 04:34:22 PM,Price Code 1,TRUCK 1 MOBILE PANTRY,USDA CANNED SALMON,False,Food Bank of Northeast Georgia,01,30622.0,Bogart
643,181193,4327,G-131,"Grace Fellowship Church, INC",483798,,FP/USDA,MOBILE PANTRY-Agency,USDA,N-50-10277,13,0.0,0.0,0.0,351.0,677.43,-677.43,OCONEE,0.0,05/23/2024 02:24:00 PM,05/28/2024 07:55:03 AM,Price Code 1,TRUCK 1 MOBILE PANTRY,USDA GARBANZO BEANS,False,Food Bank of Northeast Georgia,01,30622.0,Bogart
768,177449,1791,L-110,Living Word Baptist Church,480069,,FP/USDA,MOBILE PANTRY-Agency,USDA,N-50-10079,13,0.0,0.0,0.0,338.0,652.34,-652.34,OCONEE,0.0,03/19/2024 02:00:00 PM,03/19/2024 02:29:56 PM,Price Code 1,TRUCK 1 MOBILE PANTRY,USDA WALNUT HALVES AND PIECES,False,Food Bank of Northeast Georgia,01,30622.0,Bogart
50,172785,5958,C-111,Churches Homes Foundation,476416,,ON PREMISES (OP),YOUTH-Agency,BLUE RECEIPT-SHL,C-16-10001,24,0.0,0.0,4.32,24.0,46.32,-42.0,OCONEE,0.18,01/09/2024 12:16:00 PM,01/09/2024 09:15:31 AM,Price Code 1,CUSTOMER PICKUP,"COOLER FOOD, MISC. SHL",False,Sharing Floor Athens,01-SH,30622.0,Bogart
1019,176416,6692,F2KOconee County,F2K Oconee County,479040,,FOOD PANTRY,AT-RISK YOUTH-Agency,LOCAL - LL,C-28-90422,2,0.0,0.0,0.0,100.0,193.0,-193.0,OCONEE,0.0,03/05/2024 03:30:00 PM,03/20/2024 11:43:06 AM,Price Code 1,TRACTOR TRAILER 1 MOBILE PANTRY,"APPLES, LL",False,Food Bank of Northeast Georgia,01,,
768,182205,4715,L-110,Living Word Baptist Church,484809,,FP/USDA,MOBILE PANTRY-Agency,USDA,F-50-90461,18,0.0,0.0,0.0,720.0,1389.6,-1389.6,OCONEE,0.0,06/18/2024 02:00:00 PM,06/18/2024 01:35:29 PM,Price Code 1,TRUCK 1 MOBILE PANTRY,USDA ALASKAN POLLACK FISH FILLETS,False,Food Bank of Northeast Georgia,01,30622.0,Bogart
1019,172554,8877,F2KOconee County,F2K Oconee County,476185,,FOOD PANTRY,AT-RISK YOUTH-Agency,YELLOW RECEIPT - SHN,N-03-11782,3,0.0,0.0,0.0,54.0,0.0,0.0,OCONEE,0.0,01/09/2024 04:00:00 PM,01/11/2024 08:47:16 AM,Price Code 1,TRUCK 2 MOBILE PANTRY,CELSIUS LIVE FIT VAR PACK,False,Food Bank of Northeast Georgia,01,,
643,181193,800,G-131,"Grace Fellowship Church, INC",483798,,FP/USDA,MOBILE PANTRY-Agency,USDA,N-50-10065,13,0.0,0.0,0.0,351.0,677.43,-677.43,OCONEE,0.0,05/23/2024 02:24:00 PM,05/28/2024 07:55:03 AM,Price Code 1,TRUCK 1 MOBILE PANTRY,USDA APPLESAUCE,False,Food Bank of Northeast Georgia,01,30622.0,Bogart
768,177449,84,L-110,Living Word Baptist Church,480069,,FP/USDA,MOBILE PANTRY-Agency,USDA,N-50-10006,13,0.0,0.0,0.0,351.0,677.43,-677.43,OCONEE,0.0,03/19/2024 02:00:00 PM,03/19/2024 02:29:56 PM,Price Code 1,TRUCK 1 MOBILE PANTRY,USDA GREEN BEANS,False,Food Bank of Northeast Georgia,01,30622.0,Bogart
1019,178033,8781,F2KOconee County,F2K Oconee County,480652,,FOOD PANTRY,AT-RISK YOUTH-Agency,BLUE RECEIPT-SHL,N-03-11753,50,0.0,0.0,0.0,1150.0,2219.5,-2219.5,OCONEE,0.0,04/02/2024 03:00:00 PM,04/11/2024 01:05:01 PM,Price Code 1,CUSTOMER PICKUP,PURE LEAF SWEET TEA,False,Food Bank of Northeast Georgia,01,,
643,179440,800,G-131,"Grace Fellowship Church, INC",482053,,FP/USDA,MOBILE PANTRY-Agency,USDA,N-50-10065,13,0.0,0.0,0.0,351.0,677.43,-677.43,OCONEE,0.0,04/25/2024 03:00:00 PM,04/25/2024 01:44:07 PM,Price Code 1,TRUCK 1 MOBILE PANTRY,USDA APPLESAUCE,False,Food Bank of Northeast Georgia,01,30622.0,Bogart
1019,173488,875,F2KOconee County,F2K Oconee County,477117,,FOOD PANTRY,AT-RISK YOUTH-Agency,BLUE RECEIPT-SHL,W-04-10000,286,0.0,0.0,0.0,286.0,551.98,-551.98,OCONEE,0.0,01/23/2024 02:15:00 PM,02/20/2024 01:41:20 PM,Price Code 1,TRACTOR TRAILER 2 MOBILE PANTRY,"BREAD & BAKERY, ASSORTED SHL",False,Food Bank of Northeast Georgia,01,,
768,175500,842,L-110,Living Word Baptist Church,478129,,FP/USDA,MOBILE PANTRY-Agency,USDA,N-50-10021,8,0.0,0.0,0.0,216.0,416.88,-416.88,OCONEE,0.0,02/20/2024 02:00:00 PM,02/23/2024 07:08:33 AM,Price Code 1,TRUCK 1 MOBILE PANTRY,USDA DICED TOMATOES NO SALT CCC,False,Food Bank of Northeast Georgia,01,30622.0,Bogart
643,182518,170,G-131,"Grace Fellowship Church, INC",485121,,FP/USDA,MOBILE PANTRY-Agency,USDA,N-50-10007,13,0.0,0.0,0.0,364.0,702.52,-702.52,OCONEE,0.0,06/27/2024 03:00:00 PM,06/27/2024 04:34:22 PM,Price Code 1,TRUCK 1 MOBILE PANTRY,"USDA CORN, WHOLE KERNEL NO SALT",False,Food Bank of Northeast Georgia,01,30622.0,Bogart
1019,176416,8963,F2KOconee County,F2K Oconee County,479040,,FOOD PANTRY,AT-RISK YOUTH-Agency,YELLOW RECEIPT - SHN,N-25-11960,3,0.0,0.0,0.0,33.0,0.0,0.0,OCONEE,0.0,03/05/2024 03:30:00 PM,03/20/2024 11:43:06 AM,Price Code 1,TRACTOR TRAILER 1 MOBILE PANTRY,"TAPIOCA PUDDING, BEST CHOICE",False,Food Bank of Northeast Georgia,01,,
643,175855,1521,G-131,"Grace Fellowship Church, INC",478483,,FP/USDA,MOBILE PANTRY-Agency,USDA,N-50-10104,25,0.0,0.0,0.0,625.0,1206.25,-1206.25,OCONEE,0.0,02/22/2024 03:00:00 PM,02/23/2024 07:08:43 AM,Price Code 1,TRUCK 1 MOBILE PANTRY,USDA LENTIL BEANS,False,Food Bank of Northeast Georgia,01,30622.0,Bogart
768,182205,6918,L-110,Living Word Baptist Church,484809,,FP/USDA,MOBILE PANTRY-Agency,BLUE RECEIPT-SHL,C-28-90382,31,0.0,0.0,0.0,1519.0,2931.67,-2931.67,OCONEE,0.0,06/18/2024 02:00:00 PM,06/18/2024 01:35:29 PM,Price Code 1,TRUCK 1 MOBILE PANTRY,BI COLOR SWEET CORN,False,Food Bank of Northeast Georgia,01,30622.0,Bogart
768,182205,9084,L-110,Living Word Baptist Church,484809,,FP/USDA,MOBILE PANTRY-Agency,USDA,N-50-10315,13,0.0,0.0,0.0,351.0,677.43,-677.43,OCONEE,0.0,06/18/2024 02:00:00 PM,06/18/2024 01:35:29 PM,Price Code 1,TRUCK 1 MOBILE PANTRY,USDA CANNED SALMON,False,Food Bank of Northeast Georgia,01,30622.0,Bogart
643,175855,842,G-131,"Grace Fellowship Church, INC",478483,,FP/USDA,MOBILE PANTRY-Agency,USDA,N-50-10021,13,0.0,0.0,0.0,351.0,677.43,-677.43,OCONEE,0.0,02/22/2024 03:00:00 PM,02/23/2024 07:08:43 AM,Price Code 1,TRUCK 1 MOBILE PANTRY,USDA DICED TOMATOES NO SALT CCC,False,Food Bank of Northeast Georgia,01,30622.0,Bogart
1019,176416,8946,F2KOconee County,F2K Oconee County,479040,,FOOD PANTRY,AT-RISK YOUTH-Agency,BLUE RECEIPT-SHL,N-03-11810,10,0.0,0.0,0.0,140.0,270.2,-270.2,OCONEE,0.0,03/05/2024 03:30:00 PM,03/20/2024 11:43:06 AM,Price Code 1,TRACTOR TRAILER 1 MOBILE PANTRY,PROPEL ORANGE RASPBERRY,False,Food Bank of Northeast Georgia,01,,
1019,172554,8869,F2KOconee County,F2K Oconee County,476185,,FOOD PANTRY,AT-RISK YOUTH-Agency,YELLOW RECEIPT - SHN,N-20-10004,4,0.0,0.0,0.0,12.0,0.0,0.0,OCONEE,0.0,01/09/2024 04:00:00 PM,01/11/2024 08:47:16 AM,Price Code 1,TRUCK 2 MOBILE PANTRY,PAMPERS PREEMIE SWADDLERS,False,Food Bank of Northeast Georgia,01,,
768,178864,1674,L-110,Living Word Baptist Church,481478,,FP/USDA,MOBILE PANTRY-Agency,USDA,N-50-10073,8,0.0,0.0,0.0,216.0,416.88,-416.88,OCONEE,0.0,04/16/2024 02:00:00 PM,04/17/2024 11:06:40 AM,Price Code 1,TRUCK 1 MOBILE PANTRY,USDA TOMATO SAUCE,False,Food Bank of Northeast Georgia,01,30622.0,Bogart
768,172923,3139,L-110,Living Word Baptist Church,476554,,FP/USDA,MOBILE PANTRY-Agency,USDA,N-50-10290,25,0.0,0.0,0.0,625.0,1206.25,-1206.25,OCONEE,0.0,01/16/2024 03:00:00 PM,01/16/2024 01:18:59 PM,Price Code 1,TRUCK 1 MOBILE PANTRY,USDA WHOLE ALMONDS DRY ROASTED,False,Food Bank of Northeast Georgia,01,30622.0,Bogart
1019,176416,6925,F2KOconee County,F2K Oconee County,479040,,FOOD PANTRY,AT-RISK YOUTH-Agency,BLUE RECEIPT-SHL,C-28-90401,2,0.0,0.0,0.0,100.0,193.0,-193.0,OCONEE,0.0,03/05/2024 03:30:00 PM,03/20/2024 11:43:06 AM,Price Code 1,TRACTOR TRAILER 1 MOBILE PANTRY,POTATOES,False,Food Bank of Northeast Georgia,01,,
768,175500,4422,L-110,Living Word Baptist Church,478129,,FP/USDA,MOBILE PANTRY-Agency,USDA,F-50-90452,48,0.0,0.0,0.0,1536.0,2964.48,-2964.48,OCONEE,0.0,02/20/2024 02:00:00 PM,02/23/2024 07:08:33 AM,Price Code 1,TRUCK 1 MOBILE PANTRY,USDA PORK LOIN BONELESS ROAST,False,Food Bank of Northeast Georgia,01,30622.0,Bogart
643,179440,170,G-131,"Grace Fellowship Church, INC",482053,,FP/USDA,MOBILE PANTRY-Agency,USDA,N-50-10007,13,0.0,0.0,0.0,364.0,702.52,-702.52,OCONEE,0.0,04/25/2024 03:00:00 PM,04/25/2024 01:44:07 PM,Price Code 1,TRUCK 1 MOBILE PANTRY,"USDA CORN, WHOLE KERNEL NO SALT",False,Food Bank of Northeast Georgia,01,30622.0,Bogart
768,172923,8783,L-110,Living Word Baptist Church,476554,,FP/USDA,MOBILE PANTRY-Agency,USDA,N-50-10308,13,0.0,0.0,0.0,299.0,577.07,-577.07,OCONEE,0.0,01/16/2024 03:00:00 PM,01/16/2024 01:18:59 PM,Price Code 1,TRUCK 1 MOBILE PANTRY,USDA RAISINS,False,Food Bank of Northeast Georgia,01,30622.0,Bogart
768,178864,842,L-110,Living Word Baptist Church,481478,,FP/USDA,MOBILE PANTRY-Agency,USDA,N-50-10021,8,0.0,0.0,0.0,216.0,416.88,-416.88,OCONEE,0.0,04/16/2024 02:00:00 PM,04/17/2024 11:06:40 AM,Price Code 1,TRUCK 1 MOBILE PANTRY,USDA DICED TOMATOES NO SALT CCC,False,Food Bank of Northeast Georgia,01,30622.0,Bogart
768,175500,8940,L-110,Living Word Baptist Church,478129,,FP/USDA,MOBILE PANTRY-Agency,BLUE RECEIPT-SHL,C-28-90531,30,0.0,0.0,0.0,1560.0,3010.8,-3010.8,OCONEE,0.0,02/20/2024 02:00:00 PM,02/23/2024 07:08:33 AM,Price Code 1,TRUCK 1 MOBILE PANTRY,"CABBAGE, SHL 50#",False,Food Bank of Northeast Georgia,01,30622.0,Bogart
768,182205,84,L-110,Living Word Baptist Church,484809,,FP/USDA,MOBILE PANTRY-Agency,USDA,N-50-10006,13,0.0,0.0,0.0,351.0,677.43,-677.43,OCONEE,0.0,06/18/2024 02:00:00 PM,06/18/2024 01:35:29 PM,Price Code 1,TRUCK 1 MOBILE PANTRY,USDA GREEN BEANS,False,Food Bank of Northeast Georgia,01,30622.0,Bogart
643,179440,4422,G-131,"Grace Fellowship Church, INC",482053,,FP/USDA,MOBILE PANTRY-Agency,USDA,F-50-90452,50,0.0,0.0,0.0,1600.0,3088.0,-3088.0,OCONEE,0.0,04/25/2024 03:00:00 PM,04/25/2024 01:44:07 PM,Price Code 1,TRUCK 1 MOBILE PANTRY,USDA PORK LOIN BONELESS ROAST,False,Food Bank of Northeast Georgia,01,30622.0,Bogart
768,182205,1674,L-110,Living Word Baptist Church,484809,,FP/USDA,MOBILE PANTRY-Agency,USDA,N-50-10073,13,0.0,0.0,0.0,351.0,677.43,-677.43,OCONEE,0.0,06/18/2024 02:00:00 PM,06/18/2024 01:35:29 PM,Price Code 1,TRUCK 1 MOBILE PANTRY,USDA TOMATO SAUCE,False,Food Bank of Northeast Georgia,01,30622.0,Bogart
643,177729,5637,G-131,"Grace Fellowship Church, INC",480348,,FP/USDA,MOBILE PANTRY-Agency,USDA,F-50-90019,20,0.0,0.0,0.0,600.0,1158.0,-1158.0,OCONEE,0.0,03/28/2024 03:00:00 PM,03/28/2024 02:25:26 PM,Price Code 1,TRUCK 1 MOBILE PANTRY,USDA FROZEN BLUEBERRIES CCC,False,Food Bank of Northeast Georgia,01,30622.0,Bogart
643,182518,2202,G-131,"Grace Fellowship Church, INC",485121,,FP/USDA,MOBILE PANTRY-Agency,USDA,N-50-10240,15,0.0,0.0,0.0,330.0,636.9,-636.9,OCONEE,0.0,06/27/2024 03:00:00 PM,06/27/2024 04:34:22 PM,Price Code 1,TRUCK 1 MOBILE PANTRY,USDA SPAGHETTI,False,Food Bank of Northeast Georgia,01,30622.0,Bogart
643,173391,8914,G-131,"Grace Fellowship Church, INC",477020,,FP/USDA,MOBILE PANTRY-Agency,USDA,N-50-10310,13,0.0,0.0,0.0,351.0,677.43,-677.43,OCONEE,0.0,01/25/2024 03:00:00 PM,01/25/2024 02:29:06 PM,Price Code 1,TRUCK 1 MOBILE PANTRY,USDA DICED POTATOES,False,Food Bank of Northeast Georgia,01,30622.0,Bogart
643,182518,9013,G-131,"Grace Fellowship Church, INC",485121,,FP/USDA,MOBILE PANTRY-Agency,USDA,N-50-10313,13,0.0,0.0,0.0,312.0,602.16,-602.16,OCONEE,0.0,06/27/2024 03:00:00 PM,06/27/2024 04:34:22 PM,Price Code 1,TRUCK 1 MOBILE PANTRY,USDA LIGHT RED KIDNEY BEANS 24/1LB,False,Food Bank of Northeast Georgia,01,30622.0,Bogart
643,177729,84,G-131,"Grace Fellowship Church, INC",480348,,FP/USDA,MOBILE PANTRY-Agency,USDA,N-50-10006,13,0.0,0.0,0.0,351.0,677.43,-677.43,OCONEE,0.0,03/28/2024 03:00:00 PM,03/28/2024 02:25:26 PM,Price Code 1,TRUCK 1 MOBILE PANTRY,USDA GREEN BEANS,False,Food Bank of Northeast Georgia,01,30622.0,Bogart
50,172785,683,C-111,Churches Homes Foundation,476416,,ON PREMISES (OP),YOUTH-Agency,BLUE RECEIPT-SHL,W-16-10001,30,0.0,0.0,5.4,30.0,87.9,-82.5,OCONEE,0.18,01/09/2024 12:16:00 PM,01/09/2024 09:15:31 AM,Price Code 1,CUSTOMER PICKUP,MISC. FOOD BOX SHL,False,Sharing Floor Athens,01-SH,30622.0,Bogart
768,180928,842,L-110,Living Word Baptist Church,483534,,FP/USDA,MOBILE PANTRY-Agency,USDA,N-50-10021,10,0.0,0.0,0.0,270.0,521.1,-521.1,OCONEE,0.0,05/21/2024 02:00:00 PM,05/22/2024 07:07:27 AM,Price Code 1,TRUCK 1 MOBILE PANTRY,USDA DICED TOMATOES NO SALT CCC,False,Food Bank of Northeast Georgia,01,30622.0,Bogart
643,181193,842,G-131,"Grace Fellowship Church, INC",483798,,FP/USDA,MOBILE PANTRY-Agency,USDA,N-50-10021,13,0.0,0.0,0.0,351.0,677.43,-677.43,OCONEE,0.0,05/23/2024 02:24:00 PM,05/28/2024 07:55:03 AM,Price Code 1,TRUCK 1 MOBILE PANTRY,USDA DICED TOMATOES NO SALT CCC,False,Food Bank of Northeast Georgia,01,30622.0,Bogart
163,173323,690,O-102,Oconee County Senior Center,476952,,ON PREMISES (OP),SENIOR-Agency,BLUE RECEIPT-SHL,W-03-10013,34,0.0,0.0,0.0,34.0,65.62,-65.62,OCONEE,0.0,01/19/2024 01:38:00 PM,01/19/2024 01:45:32 PM,Price Code 1,CUSTOMER PICKUP,"ASSORTED BEVERAGES, SHL",False,Sharing Floor Athens,01-SH,30622.0,Bogart
768,180928,4411,L-110,Living Word Baptist Church,483534,,FP/USDA,MOBILE PANTRY-Agency,USDA,F-50-90465,64,0.0,0.0,0.0,1344.0,2593.92,-2593.92,OCONEE,0.0,05/21/2024 02:00:00 PM,05/22/2024 07:07:27 AM,Price Code 1,TRUCK 1 MOBILE PANTRY,USDA WILD CAUGHT GULF SHRIMP,False,Food Bank of Northeast Georgia,01,30622.0,Bogart
1019,172554,8900,F2KOconee County,F2K Oconee County,476185,,FOOD PANTRY,AT-RISK YOUTH-Agency,BLUE RECEIPT-SHL,N-03-11791,6,0.0,0.0,0.0,162.0,312.66,-312.66,OCONEE,0.0,01/09/2024 04:00:00 PM,01/11/2024 08:47:16 AM,Price Code 1,TRUCK 2 MOBILE PANTRY,GATORADE G2 GRAPE 15 COUNT,False,Food Bank of Northeast Georgia,01,,
643,181193,84,G-131,"Grace Fellowship Church, INC",483798,,FP/USDA,MOBILE PANTRY-Agency,USDA,N-50-10006,13,0.0,0.0,0.0,351.0,677.43,-677.43,OCONEE,0.0,05/23/2024 02:24:00 PM,05/28/2024 07:55:03 AM,Price Code 1,TRUCK 1 MOBILE PANTRY,USDA GREEN BEANS,False,Food Bank of Northeast Georgia,01,30622.0,Bogart
643,173391,7059,G-131,"Grace Fellowship Church, INC",477020,,FP/USDA,MOBILE PANTRY-Agency,USDA,C-50-10019,96,0.0,0.0,0.0,3456.0,6670.08,-6670.08,OCONEE,0.0,01/25/2024 03:00:00 PM,01/25/2024 02:29:06 PM,Price Code 1,TRUCK 1 MOBILE PANTRY,USDA 2% MILK CCC,False,Food Bank of Northeast Georgia,01,30622.0,Bogart
643,181193,9013,G-131,"Grace Fellowship Church, INC",483798,,FP/USDA,MOBILE PANTRY-Agency,USDA,N-50-10313,13,0.0,0.0,0.0,312.0,602.16,-602.16,OCONEE,0.0,05/23/2024 02:24:00 PM,05/28/2024 07:55:03 AM,Price Code 1,TRUCK 1 MOBILE PANTRY,USDA LIGHT RED KIDNEY BEANS 24/1LB,False,Food Bank of Northeast Georgia,01,30622.0,Bogart
643,182518,3712,G-131,"Grace Fellowship Church, INC",485121,,FP/USDA,MOBILE PANTRY-Agency,USDA,N-50-10266,13,0.0,0.0,0.0,351.0,677.43,-677.43,OCONEE,0.0,06/27/2024 03:00:00 PM,06/27/2024 04:34:22 PM,Price Code 1,TRUCK 1 MOBILE PANTRY,USDA CANNED PINTO BEANS,False,Food Bank of Northeast Georgia,01,30622.0,Bogart
768,180928,3139,L-110,Living Word Baptist Church,483534,,FP/USDA,MOBILE PANTRY-Agency,USDA,N-50-10290,20,0.0,0.0,0.0,500.0,965.0,-965.0,OCONEE,0.0,05/21/2024 02:00:00 PM,05/22/2024 07:07:27 AM,Price Code 1,TRUCK 1 MOBILE PANTRY,USDA WHOLE ALMONDS DRY ROASTED,False,Food Bank of Northeast Georgia,01,30622.0,Bogart
768,180928,2202,L-110,Living Word Baptist Church,483534,,FP/USDA,MOBILE PANTRY-Agency,USDA,N-50-10240,13,0.0,0.0,0.0,286.0,551.98,-551.98,OCONEE,0.0,05/21/2024 02:00:00 PM,05/22/2024 07:07:27 AM,Price Code 1,TRUCK 1 MOBILE PANTRY,USDA SPAGHETTI,False,Food Bank of Northeast Georgia,01,30622.0,Bogart
768,178864,4449,L-110,Living Word Baptist Church,481478,,FP/USDA,MOBILE PANTRY-Agency,USDA,F-50-90445,48,0.0,0.0,0.0,1968.0,3798.24,-3798.24,OCONEE,0.0,04/16/2024 02:00:00 PM,04/17/2024 11:06:40 AM,Price Code 1,TRUCK 1 MOBILE PANTRY,USDA FULLY COOKED PULLED PORK CCC,False,Food Bank of Northeast Georgia,01,30622.0,Bogart
643,177729,3139,G-131,"Grace Fellowship Church, INC",480348,,FP/USDA,MOBILE PANTRY-Agency,USDA,N-50-10290,25,0.0,0.0,0.0,625.0,1206.25,-1206.25,OCONEE,0.0,03/28/2024 03:00:00 PM,03/28/2024 02:25:26 PM,Price Code 1,TRUCK 1 MOBILE PANTRY,USDA WHOLE ALMONDS DRY ROASTED,False,Food Bank of Northeast Georgia,01,30622.0,Bogart
643,182518,4406,G-131,"Grace Fellowship Church, INC",485121,,FP/USDA,MOBILE PANTRY-Agency,USDA,N-50-10288,13,0.0,0.0,0.0,299.0,577.07,-577.07,OCONEE,0.0,06/27/2024 03:00:00 PM,06/27/2024 04:34:22 PM,Price Code 1,TRUCK 1 MOBILE PANTRY,USDA PREMIUM WHITE CHICKEN IN POUCHES,False,Food Bank of Northeast Georgia,01,30622.0,Bogart
768,182205,3712,L-110,Living Word Baptist Church,484809,,FP/USDA,MOBILE PANTRY-Agency,USDA,N-50-10266,13,0.0,0.0,0.0,351.0,677.43,-677.43,OCONEE,0.0,06/18/2024 02:00:00 PM,06/18/2024 01:35:29 PM,Price Code 1,TRUCK 1 MOBILE PANTRY,USDA CANNED PINTO BEANS,False,Food Bank of Northeast Georgia,01,30622.0,Bogart
768,178864,9013,L-110,Living Word Baptist Church,481478,,FP/USDA,MOBILE PANTRY-Agency,USDA,N-50-10313,8,0.0,0.0,0.0,192.0,370.56,-370.56,OCONEE,0.0,04/16/2024 02:00:00 PM,04/17/2024 11:06:40 AM,Price Code 1,TRUCK 1 MOBILE PANTRY,USDA LIGHT RED KIDNEY BEANS 24/1LB,False,Food Bank of Northeast Georgia,01,30622.0,Bogart
768,175500,8512,L-110,Living Word Baptist Church,478129,,FP/USDA,MOBILE PANTRY-Agency,USDA,C-50-10049,55,0.0,0.0,0.0,2145.0,4139.85,-4139.85,OCONEE,0.0,02/20/2024 02:00:00 PM,02/23/2024 07:08:33 AM,Price Code 1,TRUCK 1 MOBILE PANTRY,USDA GRAPEFRUIT CCC,False,Food Bank of Northeast Georgia,01,30622.0,Bogart
768,182205,1791,L-110,Living Word Baptist Church,484809,,FP/USDA,MOBILE PANTRY-Agency,USDA,N-50-10079,13,0.0,0.0,0.0,338.0,652.34,-652.34,OCONEE,0.0,06/18/2024 02:00:00 PM,06/18/2024 01:35:29 PM,Price Code 1,TRUCK 1 MOBILE PANTRY,USDA WALNUT HALVES AND PIECES,False,Food Bank of Northeast Georgia,01,30622.0,Bogart
643,173391,4715,G-131,"Grace Fellowship Church, INC",477020,,FP/USDA,MOBILE PANTRY-Agency,USDA,F-50-90461,18,0.0,0.0,0.0,720.0,1389.6,-1389.6,OCONEE,0.0,01/25/2024 03:00:00 PM,01/25/2024 02:29:06 PM,Price Code 1,TRUCK 1 MOBILE PANTRY,USDA ALASKAN POLLACK FISH FILLETS,False,Food Bank of Northeast Georgia,01,30622.0,Bogart
768,178864,1791,L-110,Living Word Baptist Church,481478,,FP/USDA,MOBILE PANTRY-Agency,USDA,N-50-10079,8,0.0,0.0,0.0,208.0,401.44,-401.44,OCONEE,0.0,04/16/2024 02:00:00 PM,04/17/2024 11:06:40 AM,Price Code 1,TRUCK 1 MOBILE PANTRY,USDA WALNUT HALVES AND PIECES,False,Food Bank of Northeast Georgia,01,30622.0,Bogart
768,172923,4327,L-110,Living Word Baptist Church,476554,,FP/USDA,MOBILE PANTRY-Agency,USDA,N-50-10277,13,0.0,0.0,0.0,351.0,677.43,-677.43,OCONEE,0.0,01/16/2024 03:00:00 PM,01/16/2024 01:18:59 PM,Price Code 1,TRUCK 1 MOBILE PANTRY,USDA GARBANZO BEANS,False,Food Bank of Northeast Georgia,01,30622.0,Bogart
643,175855,1791,G-131,"Grace Fellowship Church, INC",478483,,FP/USDA,MOBILE PANTRY-Agency,USDA,N-50-10079,13,0.0,0.0,0.0,338.0,652.34,-652.34,OCONEE,0.0,02/22/2024 03:00:00 PM,02/23/2024 07:08:43 AM,Price Code 1,TRUCK 1 MOBILE PANTRY,USDA WALNUT HALVES AND PIECES,False,Food Bank of Northeast Georgia,01,30622.0,Bogart
1019,172554,8899,F2KOconee County,F2K Oconee County,476185,,FOOD PANTRY,AT-RISK YOUTH-Agency,BLUE RECEIPT-SHL,N-03-11790,6,0.0,0.0,0.0,78.0,150.54,-150.54,OCONEE,0.0,01/09/2024 04:00:00 PM,01/11/2024 08:47:16 AM,Price Code 1,TRUCK 2 MOBILE PANTRY,STARBUCKS DOUBLE SHOT ENERGY,False,Food Bank of Northeast Georgia,01,,
768,175500,8783,L-110,Living Word Baptist Church,478129,,FP/USDA,MOBILE PANTRY-Agency,USDA,N-50-10308,8,0.0,0.0,0.0,184.0,355.12,-355.12,OCONEE,0.0,02/20/2024 02:00:00 PM,02/23/2024 07:08:33 AM,Price Code 1,TRUCK 1 MOBILE PANTRY,USDA RAISINS,False,Food Bank of Northeast Georgia,01,30622.0,Bogart
768,177449,8497,L-110,Living Word Baptist Church,480069,,FP/USDA,MOBILE PANTRY-Agency,USDA,C-50-10048,60,0.0,0.0,0.0,1920.0,3705.6,-3705.6,OCONEE,0.0,03/19/2024 02:00:00 PM,03/19/2024 02:29:56 PM,Price Code 1,TRUCK 1 MOBILE PANTRY,USDA MANDARIN ORANGES,False,Food Bank of Northeast Georgia,01,30622.0,Bogart
1019,173541,8922,F2KOconee County,F2K Oconee County,477170,,FOOD PANTRY,AT-RISK YOUTH-Agency,LOCAL - LL,N-25-11954,6,0.0,0.0,0.0,30.0,57.9,-57.9,OCONEE,0.0,02/06/2024 03:30:00 PM,02/22/2024 11:14:56 AM,Price Code 1,TRUCK 1 MOBILE PANTRY,ATKINS VAR PACK CHOC PEANUT/CARAMEL,False,Food Bank of Northeast Georgia,01,,
643,179440,1791,G-131,"Grace Fellowship Church, INC",482053,,FP/USDA,MOBILE PANTRY-Agency,USDA,N-50-10079,13,0.0,0.0,0.0,338.0,652.34,-652.34,OCONEE,0.0,04/25/2024 03:00:00 PM,04/25/2024 01:44:07 PM,Price Code 1,TRUCK 1 MOBILE PANTRY,USDA WALNUT HALVES AND PIECES,False,Food Bank of Northeast Georgia,01,30622.0,Bogart
1019,172554,346,F2KOconee County,F2K Oconee County,476185,,FOOD PANTRY,AT-RISK YOUTH-Agency,YELLOW RECEIPT - SHN,N-25-10350,4,0.0,0.0,0.0,52.0,0.0,0.0,OCONEE,0.0,01/09/2024 04:00:00 PM,01/11/2024 08:47:16 AM,Price Code 1,TRUCK 2 MOBILE PANTRY,"SALTINE CRACKERS, ZESTA ORIGINAL",False,Food Bank of Northeast Georgia,01,,
1019,176416,7073,F2KOconee County,F2K Oconee County,479040,,FOOD PANTRY,AT-RISK YOUTH-Agency,BLUE RECEIPT-SHL,C-28-90494,36,0.0,0.0,0.0,36.0,69.48,-69.48,OCONEE,0.0,03/05/2024 03:30:00 PM,03/20/2024 11:43:06 AM,Price Code 1,TRACTOR TRAILER 1 MOBILE PANTRY,"CAULIFLOWER, SHL",False,Food Bank of Northeast Georgia,01,,
1019,173488,5407,F2KOconee County,F2K Oconee County,477117,,FOOD PANTRY,AT-RISK YOUTH-Agency,BLUE RECEIPT-SHL,F-15-10000,693,0.0,0.0,0.0,693.0,1337.49,-1337.49,OCONEE,0.0,01/23/2024 02:15:00 PM,02/20/2024 01:41:20 PM,Price Code 1,TRACTOR TRAILER 2 MOBILE PANTRY,"MEAT & SEAFOOD, FROZEN SHL",False,Food Bank of Northeast Georgia,01,,
1019,182615,5772,F2KOconee County,F2K Oconee County,485218,,FOOD PANTRY,AT-RISK YOUTH-Agency,LOCAL - LL,C-28-10000,1254,0.0,0.0,0.0,1254.0,2420.22,-2420.22,OCONEE,0.0,06/28/2024 08:29:00 AM,07/22/2024 02:34:17 PM,Price Code 1,CUSTOMER PICKUP,"PRODUCE, FRESH LL",False,Food Bank of Northeast Georgia,01,,
1019,173541,8874,F2KOconee County,F2K Oconee County,477170,,FOOD PANTRY,AT-RISK YOUTH-Agency,YELLOW RECEIPT - SHN,F-10-10002,4,0.0,0.0,0.0,12.0,0.0,0.0,OCONEE,0.0,02/06/2024 03:30:00 PM,02/22/2024 11:14:56 AM,Price Code 1,TRUCK 1 MOBILE PANTRY,OUTSHINE TROPICAL SMOOTHIE CUBES,False,Food Bank of Northeast Georgia,01,,
643,179440,1047,G-131,"Grace Fellowship Church, INC",482053,,FP/USDA,MOBILE PANTRY-Agency,USDA,N-50-10041,25,0.0,0.0,0.0,1225.0,2364.25,-2364.25,OCONEE,0.0,04/25/2024 03:00:00 PM,04/25/2024 01:44:07 PM,Price Code 1,TRUCK 1 MOBILE PANTRY,USDA RICE,False,Food Bank of Northeast Georgia,01,30622.0,Bogart
643,175855,4327,G-131,"Grace Fellowship Church, INC",478483,,FP/USDA,MOBILE PANTRY-Agency,USDA,N-50-10277,13,0.0,0.0,0.0,351.0,677.43,-677.43,OCONEE,0.0,02/22/2024 03:00:00 PM,02/23/2024 07:08:43 AM,Price Code 1,TRUCK 1 MOBILE PANTRY,USDA GARBANZO BEANS,False,Food Bank of Northeast Georgia,01,30622.0,Bogart
768,177449,800,L-110,Living Word Baptist Church,480069,,FP/USDA,MOBILE PANTRY-Agency,USDA,N-50-10065,13,0.0,0.0,0.0,351.0,677.43,-677.43,OCONEE,0.0,03/19/2024 02:00:00 PM,03/19/2024 02:29:56 PM,Price Code 1,TRUCK 1 MOBILE PANTRY,USDA APPLESAUCE,False,Food Bank of Northeast Georgia,01,30622.0,Bogart
643,179440,2202,G-131,"Grace Fellowship Church, INC",482053,,FP/USDA,MOBILE PANTRY-Agency,USDA,N-50-10240,15,0.0,0.0,0.0,330.0,636.9,-636.9,OCONEE,0.0,04/25/2024 03:00:00 PM,04/25/2024 01:44:07 PM,Price Code 1,TRUCK 1 MOBILE PANTRY,USDA SPAGHETTI,False,Food Bank of Northeast Georgia,01,30622.0,Bogart
643,175855,8783,G-131,"Grace Fellowship Church, INC",478483,,FP/USDA,MOBILE PANTRY-Agency,USDA,N-50-10308,13,0.0,0.0,0.0,299.0,577.07,-577.07,OCONEE,0.0,02/22/2024 03:00:00 PM,02/23/2024 07:08:43 AM,Price Code 1,TRUCK 1 MOBILE PANTRY,USDA RAISINS,False,Food Bank of Northeast Georgia,01,30622.0,Bogart
768,177449,8714,L-110,Living Word Baptist Church,480069,,FP/USDA,MOBILE PANTRY-Agency,USDA,N-50-10303,25,0.0,0.0,0.0,600.0,1158.0,-1158.0,OCONEE,0.0,03/19/2024 02:00:00 PM,03/19/2024 02:29:56 PM,Price Code 1,TRUCK 1 MOBILE PANTRY,USDA GREEN SPLIT PEAS,False,Food Bank of Northeast Georgia,01,30622.0,Bogart
50,172785,5772,C-111,Churches Homes Foundation,476416,,ON PREMISES (OP),YOUTH-Agency,LOCAL - LL,C-28-10000,64,0.0,0.0,1.92,64.0,123.52,-121.6,OCONEE,0.03,01/09/2024 12:16:00 PM,01/09/2024 09:15:31 AM,Price Code 1,CUSTOMER PICKUP,"PRODUCE, FRESH LL",False,Sharing Floor Athens,01-SH,30622.0,Bogart
643,177729,8714,G-131,"Grace Fellowship Church, INC",480348,,FP/USDA,MOBILE PANTRY-Agency,USDA,N-50-10303,25,0.0,0.0,0.0,600.0,1158.0,-1158.0,OCONEE,0.0,03/28/2024 03:00:00 PM,03/28/2024 02:25:26 PM,Price Code 1,TRUCK 1 MOBILE PANTRY,USDA GREEN SPLIT PEAS,False,Food Bank of Northeast Georgia,01,30622.0,Bogart
643,182518,6780,G-131,"Grace Fellowship Church, INC",485121,,FP/USDA,MOBILE PANTRY-Agency,USDA,C-50-10024,9,0.0,0.0,0.0,387.0,746.91,-746.91,OCONEE,0.0,06/27/2024 03:00:00 PM,06/27/2024 04:34:22 PM,Price Code 1,TRUCK 1 MOBILE PANTRY,USDA APPLES,False,Food Bank of Northeast Georgia,01,30622.0,Bogart
768,172923,84,L-110,Living Word Baptist Church,476554,,FP/USDA,MOBILE PANTRY-Agency,USDA,N-50-10006,13,0.0,0.0,0.0,351.0,677.43,-677.43,OCONEE,0.0,01/16/2024 03:00:00 PM,01/16/2024 01:18:59 PM,Price Code 1,TRUCK 1 MOBILE PANTRY,USDA GREEN BEANS,False,Food Bank of Northeast Georgia,01,30622.0,Bogart
768,178864,6979,L-110,Living Word Baptist Church,481478,,FP/USDA,MOBILE PANTRY-Agency,USDA,C-50-10017,48,0.0,0.0,0.0,1920.0,3705.6,-3705.6,OCONEE,0.0,04/16/2024 02:00:00 PM,04/17/2024 11:06:40 AM,Price Code 1,TRUCK 1 MOBILE PANTRY,"USDA 2% MILK, FRESH CCC",False,Food Bank of Northeast Georgia,01,30622.0,Bogart
643,181193,8512,G-131,"Grace Fellowship Church, INC",483798,,FP/USDA,MOBILE PANTRY-Agency,USDA,C-50-10049,54,0.0,0.0,0.0,2106.0,4064.58,-4064.58,OCONEE,0.0,05/23/2024 02:24:00 PM,05/28/2024 07:55:03 AM,Price Code 1,TRUCK 1 MOBILE PANTRY,USDA GRAPEFRUIT CCC,False,Food Bank of Northeast Georgia,01,30622.0,Bogart
768,177449,842,L-110,Living Word Baptist Church,480069,,FP/USDA,MOBILE PANTRY-Agency,USDA,N-50-10021,13,0.0,0.0,0.0,351.0,677.43,-677.43,OCONEE,0.0,03/19/2024 02:00:00 PM,03/19/2024 02:29:56 PM,Price Code 1,TRUCK 1 MOBILE PANTRY,USDA DICED TOMATOES NO SALT CCC,False,Food Bank of Northeast Georgia,01,30622.0,Bogart
643,181193,2202,G-131,"Grace Fellowship Church, INC",483798,,FP/USDA,MOBILE PANTRY-Agency,USDA,N-50-10240,15,0.0,0.0,0.0,330.0,636.9,-636.9,OCONEE,0.0,05/23/2024 02:24:00 PM,05/28/2024 07:55:03 AM,Price Code 1,TRUCK 1 MOBILE PANTRY,USDA SPAGHETTI,False,Food Bank of Northeast Georgia,01,30622.0,Bogart
1019,176416,8874,F2KOconee County,F2K Oconee County,479040,,FOOD PANTRY,AT-RISK YOUTH-Agency,YELLOW RECEIPT - SHN,F-10-10002,5,0.0,0.0,0.0,15.0,0.0,0.0,OCONEE,0.0,03/05/2024 03:30:00 PM,03/20/2024 11:43:06 AM,Price Code 1,TRACTOR TRAILER 1 MOBILE PANTRY,OUTSHINE TROPICAL SMOOTHIE CUBES,False,Food Bank of Northeast Georgia,01,,
1019,172554,7094,F2KOconee County,F2K Oconee County,476185,,FOOD PANTRY,AT-RISK YOUTH-Agency,PURCH,N-21-10056,3,0.0,0.0,0.0,36.0,0.0,0.0,OCONEE,0.0,01/09/2024 04:00:00 PM,01/11/2024 08:47:16 AM,Price Code 1,TRUCK 2 MOBILE PANTRY,MACARONI & CHEESE,False,Food Bank of Northeast Georgia,01,,
163,173662,875,O-102,Oconee County Senior Center,477291,,ON PREMISES (OP),SENIOR-Agency,BLUE RECEIPT-SHL,W-04-10000,30,0.0,0.0,0.0,30.0,57.9,-57.9,OCONEE,0.0,01/26/2024 01:38:00 PM,01/26/2024 09:19:08 AM,Price Code 1,CUSTOMER PICKUP,"BREAD & BAKERY, ASSORTED SHL",False,Sharing Floor Athens,01-SH,30622.0,Bogart
1019,178033,8854,F2KOconee County,F2K Oconee County,480652,,FOOD PANTRY,AT-RISK YOUTH-Agency,BLUE RECEIPT-SHL,N-03-11776,25,0.0,0.0,0.0,825.0,1592.25,-1592.25,OCONEE,0.0,04/02/2024 03:00:00 PM,04/11/2024 01:05:01 PM,Price Code 1,CUSTOMER PICKUP,DR PEPPER STRAWBERRIES & CREAM,False,Food Bank of Northeast Georgia,01,,
643,173391,84,G-131,"Grace Fellowship Church, INC",477020,,FP/USDA,MOBILE PANTRY-Agency,USDA,N-50-10006,13,0.0,0.0,0.0,351.0,677.43,-677.43,OCONEE,0.0,01/25/2024 03:00:00 PM,01/25/2024 02:29:06 PM,Price Code 1,TRUCK 1 MOBILE PANTRY,USDA GREEN BEANS,False,Food Bank of Northeast Georgia,01,30622.0,Bogart
1019,176416,8966,F2KOconee County,F2K Oconee County,479040,,FOOD PANTRY,AT-RISK YOUTH-Agency,YELLOW RECEIPT - SHN,N-15-10049,2,0.0,0.0,0.0,12.0,0.0,0.0,OCONEE,0.0,03/05/2024 03:30:00 PM,03/20/2024 11:43:06 AM,Price Code 1,TRACTOR TRAILER 1 MOBILE PANTRY,FIRE CRACKER REDHOT PICKLED SAUSAGE,False,Food Bank of Northeast Georgia,01,,
768,172923,8512,L-110,Living Word Baptist Church,476554,,FP/USDA,MOBILE PANTRY-Agency,USDA,C-50-10049,47,0.0,0.0,0.0,1833.0,3537.69,-3537.69,OCONEE,0.0,01/16/2024 03:00:00 PM,01/16/2024 01:18:59 PM,Price Code 1,TRUCK 1 MOBILE PANTRY,USDA GRAPEFRUIT CCC,False,Food Bank of Northeast Georgia,01,30622.0,Bogart
643,182518,5938,G-131,"Grace Fellowship Church, INC",485121,,FP/USDA,MOBILE PANTRY-Agency,BLUE RECEIPT-SHL,C-28-10001,700,0.0,0.0,0.0,700.0,1351.0,-1351.0,OCONEE,0.0,06/27/2024 03:00:00 PM,06/27/2024 04:34:22 PM,Price Code 1,TRUCK 1 MOBILE PANTRY,"PRODUCE, FRESH SHL",False,Food Bank of Northeast Georgia,01,30622.0,Bogart
1019,178033,8995,F2KOconee County,F2K Oconee County,480652,,FOOD PANTRY,AT-RISK YOUTH-Agency,BLUE RECEIPT-SHL,N-21-10067,11,0.0,0.0,0.0,55.0,106.15,-106.15,OCONEE,0.0,04/02/2024 03:00:00 PM,04/11/2024 01:05:01 PM,Price Code 1,CUSTOMER PICKUP,"RAMEN, MARUCHAN SHRIMP",False,Food Bank of Northeast Georgia,01,,
643,175855,6477,G-131,"Grace Fellowship Church, INC",478483,,FP/USDA,MOBILE PANTRY-Agency,LOCAL - LL,C-28-90151,1000,0.0,0.0,0.0,1000.0,1930.0,-1930.0,OCONEE,0.0,02/22/2024 03:00:00 PM,02/23/2024 07:08:43 AM,Price Code 1,TRUCK 1 MOBILE PANTRY,GNAP WATERMELONS,False,Food Bank of Northeast Georgia,01,30622.0,Bogart
768,180928,8997,L-110,Living Word Baptist Church,483534,,FP/USDA,MOBILE PANTRY-Agency,USDA,N-50-10312,20,0.0,0.0,0.0,240.0,463.2,-463.2,OCONEE,0.0,05/21/2024 02:00:00 PM,05/22/2024 07:07:27 AM,Price Code 1,TRUCK 1 MOBILE PANTRY,USDA CHILI W/ BEANS CCC,False,Food Bank of Northeast Georgia,01,30622.0,Bogart
163,172699,688,O-102,Oconee County Senior Center,476330,,ON PREMISES (OP),SENIOR-Agency,BLUE RECEIPT-SHL,W-01-10000,17,0.0,0.0,3.06,17.0,32.81,-29.75,OCONEE,0.18,01/08/2024 01:38:00 PM,01/08/2024 09:19:28 AM,Price Code 1,CUSTOMER PICKUP,"ASSORTED NON-FOOD ITEMS, SHL",False,Sharing Floor Athens,01-SH,30622.0,Bogart
643,173391,1047,G-131,"Grace Fellowship Church, INC",477020,,FP/USDA,MOBILE PANTRY-Agency,USDA,N-50-10041,13,0.0,0.0,0.0,637.0,1229.41,-1229.41,OCONEE,0.0,01/25/2024 03:00:00 PM,01/25/2024 02:29:06 PM,Price Code 1,TRUCK 1 MOBILE PANTRY,USDA RICE,False,Food Bank of Northeast Georgia,01,30622.0,Bogart
768,177449,7284,L-110,Living Word Baptist Church,480069,,FP/USDA,MOBILE PANTRY-Agency,USDA,C-50-10043,85,0.0,0.0,0.0,2210.0,4265.3,-4265.3,OCONEE,0.0,03/19/2024 02:00:00 PM,03/19/2024 02:29:56 PM,Price Code 1,TRUCK 1 MOBILE PANTRY,USDA RED FAT AMERICAN CHEESE CCC,False,Food Bank of Northeast Georgia,01,30622.0,Bogart
768,180928,7414,L-110,Living Word Baptist Church,483534,,FP/USDA,MOBILE PANTRY-Agency,PURCH,C-28-90525,56,0.0,0.0,0.0,1232.0,0.0,0.0,OCONEE,0.0,05/21/2024 02:00:00 PM,05/22/2024 07:07:27 AM,Price Code 1,TRUCK 1 MOBILE PANTRY,BROCCOLI CROWNS,False,Food Bank of Northeast Georgia,01,30622.0,Bogart
1019,173541,8940,F2KOconee County,F2K Oconee County,477170,,FOOD PANTRY,AT-RISK YOUTH-Agency,BLUE RECEIPT-SHL,C-28-90531,2,0.0,0.0,0.0,104.0,200.72,-200.72,OCONEE,0.0,02/06/2024 03:30:00 PM,02/22/2024 11:14:56 AM,Price Code 1,TRUCK 1 MOBILE PANTRY,"CABBAGE, SHL 50#",False,Food Bank of Northeast Georgia,01,,
768,178864,8991,L-110,Living Word Baptist Church,481478,,FP/USDA,MOBILE PANTRY-Agency,USDA,N-50-10311,8,0.0,0.0,0.0,192.0,370.56,-370.56,OCONEE,0.0,04/16/2024 02:00:00 PM,04/17/2024 11:06:40 AM,Price Code 1,TRUCK 1 MOBILE PANTRY,USDA HAZELNUTS CCC,False,Food Bank of Northeast Georgia,01,30622.0,Bogart
1019,173541,8856,F2KOconee County,F2K Oconee County,477170,,FOOD PANTRY,AT-RISK YOUTH-Agency,LOCAL - LL,N-25-11936,5,0.0,0.0,0.0,20.0,38.6,-38.6,OCONEE,0.0,02/06/2024 03:30:00 PM,02/22/2024 11:14:56 AM,Price Code 1,TRUCK 1 MOBILE PANTRY,"CHUM FRUIT BITES, STRAWBERRY/MANGO",False,Food Bank of Northeast Georgia,01,,
1019,173541,8944,F2KOconee County,F2K Oconee County,477170,,FOOD PANTRY,AT-RISK YOUTH-Agency,YELLOW RECEIPT - SHN,C-28-90535,1,0.0,0.0,0.0,52.0,0.0,0.0,OCONEE,0.0,02/06/2024 03:30:00 PM,02/22/2024 11:14:56 AM,Price Code 1,TRUCK 1 MOBILE PANTRY,"TURNIP, SHL",False,Food Bank of Northeast Georgia,01,,
643,177729,8497,G-131,"Grace Fellowship Church, INC",480348,,FP/USDA,MOBILE PANTRY-Agency,USDA,C-50-10048,38,0.0,0.0,0.0,1216.0,2346.88,-2346.88,OCONEE,0.0,03/28/2024 03:00:00 PM,03/28/2024 02:25:26 PM,Price Code 1,TRUCK 1 MOBILE PANTRY,USDA MANDARIN ORANGES,False,Food Bank of Northeast Georgia,01,30622.0,Bogart
1019,173541,8939,F2KOconee County,F2K Oconee County,477170,,FOOD PANTRY,AT-RISK YOUTH-Agency,BLUE RECEIPT-SHL,C-28-90530,4,0.0,0.0,0.0,168.0,324.24,-324.24,OCONEE,0.0,02/06/2024 03:30:00 PM,02/22/2024 11:14:56 AM,Price Code 1,TRUCK 1 MOBILE PANTRY,"APPLES, SHL",False,Food Bank of Northeast Georgia,01,,
643,179440,8783,G-131,"Grace Fellowship Church, INC",482053,,FP/USDA,MOBILE PANTRY-Agency,USDA,N-50-10308,25,0.0,0.0,0.0,575.0,1109.75,-1109.75,OCONEE,0.0,04/25/2024 03:00:00 PM,04/25/2024 01:44:07 PM,Price Code 1,TRUCK 1 MOBILE PANTRY,USDA RAISINS,False,Food Bank of Northeast Georgia,01,30622.0,Bogart
768,175500,8672,L-110,Living Word Baptist Church,478129,,FP/USDA,MOBILE PANTRY-Agency,USDA,N-50-10301,16,0.0,0.0,0.0,384.0,741.12,-741.12,OCONEE,0.0,02/20/2024 02:00:00 PM,02/23/2024 07:08:33 AM,Price Code 1,TRUCK 1 MOBILE PANTRY,USDA YELLOW SPLIT PEAS,False,Food Bank of Northeast Georgia,01,30622.0,Bogart
643,181193,4422,G-131,"Grace Fellowship Church, INC",483798,,FP/USDA,MOBILE PANTRY-Agency,USDA,F-50-90452,55,0.0,0.0,0.0,1760.0,3396.8,-3396.8,OCONEE,0.0,05/23/2024 02:24:00 PM,05/28/2024 07:55:03 AM,Price Code 1,TRUCK 1 MOBILE PANTRY,USDA PORK LOIN BONELESS ROAST,False,Food Bank of Northeast Georgia,01,30622.0,Bogart
1019,173541,2098,F2KOconee County,F2K Oconee County,477170,,FOOD PANTRY,AT-RISK YOUTH-Agency,BLUE RECEIPT-SHL,N-03-10677,4,0.0,0.0,0.0,88.0,169.84,-169.84,OCONEE,0.0,02/06/2024 03:30:00 PM,02/22/2024 11:14:56 AM,Price Code 1,TRUCK 1 MOBILE PANTRY,GATORADE ORANGE,False,Food Bank of Northeast Georgia,01,,
